file_name,libressl_3,gmssl,sim_value
cms_kari.c_cms_kari.c,CMS_RecipientInfo_kari_decrypt,CMS_RecipientInfo_kari_decrypt,0.9997656867216289
ec_kmeth.c_ec_kmeth.c,EC_KEY_METHOD_get_init,EC_KEY_METHOD_get_init,0.9993041166391339
x509_conf.c_v3_conf.c,v3_generic_extension,v3_generic_extension,0.9985741611371686
pk7_lib.c_pk7_lib.c,PKCS7_set_type,PKCS7_set_type,0.9979039695909957
pcy_cache.c_pcy_cache.c,policy_cache_new,policy_cache_new,0.9959014506669561
tasn_dec.c_tasn_dec.c,asn1_check_tlen,asn1_check_tlen,0.9958047379825603
pem_pkey.c_pem_pkey.c,PEM_read_bio_PrivateKey,PEM_read_bio_PrivateKey,0.9957256606562923
tasn_dec.c_tasn_dec.c,asn1_d2i_ex_primitive,asn1_d2i_ex_primitive,0.9955163895415193
asn_mime.c_asn_mime.c,SMIME_write_ASN1,SMIME_write_ASN1,0.9954766940328343
cms_lib.c_cms_lib.c,CMS_dataFinal,CMS_dataFinal,0.9951528808973901
cms_env.c_cms_env.c,CMS_RecipientInfo_kekri_get0_id,CMS_RecipientInfo_kekri_get0_id,0.9941683599761191
pk7_doit.c_pk7_doit.c,PKCS7_dataVerify,PKCS7_dataVerify,0.9941159394528702
bio_ndef.c_bio_ndef.c,ndef_suffix,ndef_suffix,0.99401888900966
cms_kari.c_cms_kari.c,CMS_RecipientInfo_kari_get0_orig_id,CMS_RecipientInfo_kari_get0_orig_id,0.9937493818585635
x_long.c_x_long.c,long_i2c,long_i2c,0.9935871186403407
pk7_lib.c_pk7_lib.c,PKCS7_RECIP_INFO_set,PKCS7_RECIP_INFO_set,0.9931530931215723
bio_asn1.c_bio_asn1.c,asn1_bio_write,asn1_bio_write,0.992919157445209
p12_add.c_p12_add.c,PKCS12_pack_p7encdata,PKCS12_pack_p7encdata,0.9913980666617799
bn_gcd.c_bn_gcd.c,BN_mod_inverse_internal,int_bn_mod_inverse,0.9899940348102543
cms_env.c_cms_env.c,cms_RecipientInfo_ktri_encrypt,cms_RecipientInfo_ktri_encrypt,0.9899579172470565
tasn_dec.c_tasn_dec.c,asn1_template_ex_d2i,asn1_template_ex_d2i,0.9892467364910917
ts_rsp_sign.c_ts_rsp_sign.c,TS_RESP_create_tst_info,ts_RESP_create_tst_info,0.9888734010557998
cms_env.c_cms_env.c,CMS_add0_recipient_key,CMS_add0_recipient_key,0.9883960038054447
e_aes.c_e_aes.c,aes_ccm_cipher,aes_ccm_cipher,0.9883832018938947
pvkfmt.c_pvkfmt.c,i2b_PVK,i2b_PVK,0.9880351502787725
pem_pk8.c_pem_pk8.c,d2i_PKCS8PrivateKey_bio,d2i_PKCS8PrivateKey_bio,0.9879838322915389
a_bitstr.c_a_bitstr.c,c2i_ASN1_BIT_STRING,c2i_ASN1_BIT_STRING,0.9874983357541296
c_ofb64.c_c_ofb64.c,CAST_ofb64_encrypt,CAST_ofb64_encrypt,0.9871725372387463
bn_nist.c_bn_nist.c,BN_nist_mod_521,BN_nist_mod_521,0.9866091362200679
tasn_prn.c_tasn_prn.c,asn1_template_print_ctx,asn1_template_print_ctx,0.9863767135321061
ecp_smpl.c_ecp_smpl.c,ec_GFp_simple_add,ec_GFp_simple_add,0.9863527583176315
ecp_smpl.c_ecp_smpl.c,ec_GFp_simple_dbl,ec_GFp_simple_dbl,0.9858969975515472
bf_ofb64.c_bf_ofb64.c,BF_ofb64_encrypt,BF_ofb64_encrypt,0.9855680997430736
ec_asn1.c_ec_asn1.c,ec_asn1_group2curve,ec_asn1_group2curve,0.985045956163128
pvkfmt.c_pvkfmt.c,do_PVK_body,do_PVK_body,0.9848957972292618
x509_vfy.c_x509_vfy.c,crl_akid_check,crl_akid_check,0.984772708742669
b_dump.c_b_dump.c,BIO_dump_indent_cb,BIO_dump_indent_cb,0.9843735708473202
ec2_smpl.c_ec2_smpl.c,ec_GF2m_simple_is_on_curve,ec_GF2m_simple_is_on_curve,0.9842606719761365
ecp_smpl.c_ecp_smpl.c,ec_GFp_simple_is_on_curve,ec_GFp_simple_is_on_curve,0.9841940636948868
ec2_mult.c_ec2_mult.c,ec_GF2m_simple_mul,ec_GF2m_simple_mul,0.9841774987209708
bn_nist.c_bn_nist.c,BN_nist_mod_192,BN_nist_mod_192,0.9829603536996787
cms_env.c_cms_env.c,cms_RecipientInfo_kekri_encrypt,cms_RecipientInfo_kekri_encrypt,0.9829116562599232
bn_exp.c_bn_exp.c,BN_mod_exp_mont_word,BN_mod_exp_mont_word,0.9825938368306943
pem_pk8.c_pem_pk8.c,do_pk8pkey,do_pk8pkey,0.9825150345525555
rsa_eay.c_rsa_ossl.c,RSA_eay_private_encrypt,rsa_ossl_private_encrypt,0.9821677822623134
ecp_smpl.c_ecp_smpl.c,ec_GFp_simple_cmp,ec_GFp_simple_cmp,0.9821590685214737
eng_cnf.c_eng_cnf.c,int_engine_configure,int_engine_configure,0.9820172633841776
rsa_eay.c_rsa_ossl.c,RSA_eay_private_decrypt,rsa_ossl_private_decrypt,0.9804212388100236
e_aes.c_e_aes.c,aes_ccm_cipher,aes_ccm_tls_cipher,0.980377345403385
bn_lib.c_bn_lib.c,BN_bin2bn,BN_lebin2bn,0.9801781027009622
x509_ncons.c_v3_ncons.c,NAME_CONSTRAINTS_check,NAME_CONSTRAINTS_check,0.9788924351667652
a_int.c_a_int.c,d2i_ASN1_UINTEGER,d2i_ASN1_UINTEGER,0.9786465630050467
x509.c_x509.c,x509_load_serial,x509_load_serial,0.9782500734181039
ccm128.c_ccm128.c,CRYPTO_ccm128_encrypt_ccm64,CRYPTO_ccm128_encrypt_ccm64,0.9782029199924971
tasn_enc.c_tasn_enc.c,asn1_template_ex_i2d,asn1_template_ex_i2d,0.9781644852964665
bss_file.c_bss_file.c,file_ctrl,file_ctrl,0.9781277363549761
ccm128.c_ccm128.c,CRYPTO_ccm128_encrypt_ccm64,CRYPTO_ccm128_decrypt_ccm64,0.9780017164600854
pk7_doit.c_pk7_doit.c,pkcs7_decrypt_rinfo,pkcs7_decrypt_rinfo,0.9773142989792818
ccm128.c_ccm128.c,CRYPTO_ccm128_decrypt_ccm64,CRYPTO_ccm128_decrypt_ccm64,0.9766852725323345
wp_dgst.c_wp_dgst.c,WHIRLPOOL_Final,WHIRLPOOL_Final,0.9763630889935726
ecp_smpl.c_ecp_smpl.c,ec_GFp_simple_point_get_affine_coordinates,ec_GFp_simple_point_get_affine_coordinates,0.9758811916231686
ccm128.c_ccm128.c,CRYPTO_ccm128_decrypt_ccm64,CRYPTO_ccm128_encrypt_ccm64,0.9756882469286893
e_des.c_e_des.c,des_cfb1_cipher,des_cfb1_cipher,0.9748597336041259
cms_pwri.c_cms_pwri.c,kek_unwrap_key,kek_unwrap_key,0.9743951969458668
ts_rsp_verify.c_ts_rsp_verify.c,TS_RESP_verify_signature,TS_RESP_verify_signature,0.9723901051225294
d2i_pr.c_d2i_pr.c,d2i_PrivateKey,d2i_PrivateKey,0.9719585409340228
bio_b64.c_bio_b64.c,b64_read,b64_read,0.9718974053446283
apps.c_apps.c,load_serial,load_serial,0.9717197813079053
pk7_doit.c_pk7_doit.c,pkcs7_encode_rinfo,pkcs7_encode_rinfo,0.9712120917935172
bn_mont.c_bn_mont.c,BN_MONT_CTX_set,BN_MONT_CTX_set,0.9711744568815966
rc2ofb64.c_rc2ofb64.c,RC2_ofb64_encrypt,RC2_ofb64_encrypt,0.9704476660731337
ts_rsp_verify.c_ts_rsp_verify.c,int_TS_RESP_verify_token,int_ts_RESP_verify_token,0.970264011786923
req.c_req.c,auto_info,auto_info,0.9699564912104662
ca.c_ca.c,unpack_revinfo,unpack_revinfo,0.9693110223181374
tasn_new.c_tasn_new.c,asn1_item_ex_combine_new,asn1_item_embed_new,0.969180803757316
ec_asn1.c_ec_asn1.c,ec_asn1_parameters2group,EC_GROUP_new_from_ecparameters,0.9690897877426246
wp_dgst.c_wp_dgst.c,WHIRLPOOL_BitUpdate,WHIRLPOOL_BitUpdate,0.9687336378813478
pk7_lib.c_pk7_lib.c,PKCS7_SIGNER_INFO_set,PKCS7_SIGNER_INFO_set,0.9685797863155188
bf_buff.c_bf_buff.c,buffer_ctrl,buffer_ctrl,0.9684985182073103
tasn_dec.c_tasn_dec.c,asn1_ex_c2i,asn1_ex_c2i,0.9681785759588726
bn_nist.c_bn_nist.c,BN_nist_mod_384,BN_nist_mod_384,0.9677952070491516
ec2_oct.c_ec2_oct.c,ec_GF2m_simple_set_compressed_coordinates,ec_GF2m_simple_set_compressed_coordinates,0.9675640315944438
cms_env.c_cms_env.c,cms_RecipientInfo_kekri_encrypt,cms_RecipientInfo_kekri_decrypt,0.9675136026926249
qud_cksm.c_qud_cksm.c,DES_quad_cksum,DES_quad_cksum,0.9674270603037135
cms_kari.c_cms_kari.c,cms_RecipientInfo_kari_init,cms_RecipientInfo_kari_init,0.9673019698753682
tasn_fre.c_tasn_fre.c,asn1_item_combine_free,asn1_item_embed_free,0.9668058463671072
cms_enc.c_cms_enc.c,cms_EncryptedContent_init_bio,cms_EncryptedContent_init_bio,0.9665870651430455
bn_blind.c_bn_blind.c,BN_BLINDING_create_param,BN_BLINDING_create_param,0.9662718413201299
bn_prime.c_bn_prime.c,BN_is_prime_fasttest_ex,BN_is_prime_fasttest_ex,0.9661532711953689
pk7_doit.c_pk7_doit.c,PKCS7_dataInit,PKCS7_dataInit,0.9661522643867548
tasn_enc.c_tasn_enc.c,ASN1_item_ex_i2d,ASN1_item_ex_i2d,0.9660765612674154
t_spki.c_t_spki.c,NETSCAPE_SPKI_print,NETSCAPE_SPKI_print,0.9659552190998308
p5_pbev2.c_p5_pbev2.c,PKCS5_pbkdf2_set,PKCS5_pbkdf2_set,0.9656803647925774
ec2_oct.c_ec2_oct.c,ec_GF2m_simple_point2oct,ec_GF2m_simple_point2oct,0.9655734955631022
asn1_par.c_asn1_par.c,asn1_parse2,asn1_parse2,0.9650143000255768
req.c_req.c,add_DN_object,add_DN_object,0.9649953343730931
x509_conf.c_v3_conf.c,do_ext_nconf,do_ext_nconf,0.964993531474398
ocsp_prn.c_ocsp_prn.c,OCSP_RESPONSE_print,OCSP_RESPONSE_print,0.9649927872858102
cms_kari.c_cms_kari.c,cms_kek_cipher,cms_kek_cipher,0.964554305771175
gcm128.c_gcm128.c,CRYPTO_gcm128_aad,CRYPTO_gcm128_aad,0.9645428200393736
ecp_oct.c_ecp_oct.c,ec_GFp_simple_point2oct,ec_GFp_simple_point2oct,0.964534659598983
ts_rsp_sign.c_ts_rsp_sign.c,ESS_CERT_ID_new_init,ess_CERT_ID_new_init,0.9645198504096586
bn_print.c_bn_print.c,BN_bn2dec,BN_bn2dec,0.9644572932491303
x509_prn.c_v3_prn.c,X509V3_extensions_print,X509V3_extensions_print,0.9644107000582862
cms_env.c_cms_env.c,cms_RecipientInfo_kekri_decrypt,cms_RecipientInfo_kekri_decrypt,0.9643142697280501
ccm128.c_ccm128.c,CRYPTO_ccm128_decrypt,CRYPTO_ccm128_decrypt,0.9642723174426999
x509_alt.c_v3_alt.c,a2i_GENERAL_NAME,a2i_GENERAL_NAME,0.9642394192802226
ccm128.c_ccm128.c,CRYPTO_ccm128_encrypt,CRYPTO_ccm128_encrypt,0.9642134850769486
ccm128.c_ccm128.c,CRYPTO_ccm128_decrypt,CRYPTO_ccm128_encrypt,0.9635553844681377
x509_purp.c_v3_purp.c,setup_dp,setup_dp,0.9634682911538439
ec2_oct.c_ecp_oct.c,ec_GF2m_simple_point2oct,ec_GFp_simple_point2oct,0.9629067826856765
ocsp_cl.c_ocsp_cl.c,OCSP_request_sign,OCSP_request_sign,0.9628135775314259
apps.c_apps.c,load_index,load_index,0.9627998283894732
tasn_prn.c_tasn_prn.c,asn1_item_print_ctx,asn1_item_print_ctx,0.9623957118094006
dh_key.c_dh_key.c,generate_key,generate_key,0.9621245656647729
ecp_mont.c_ecp_mont.c,ec_GFp_mont_group_set_curve,ec_GFp_mont_group_set_curve,0.9618720231425577
x_name.c_x_name.c,x509_name_encode,x509_name_encode,0.9616824424939583
ecp_oct.c_ec2_oct.c,ec_GFp_simple_point2oct,ec_GF2m_simple_point2oct,0.9614036550430398
ts.c_ts.c,reply_command,reply_command,0.9613324468439253
conf_mod.c_conf_mod.c,module_init,module_init,0.9613313315284364
rsa_eay.c_rsa_ossl.c,RSA_eay_public_decrypt,rsa_ossl_public_decrypt,0.9611673401236531
cms_ess.c_cms_ess.c,cms_Receipt_verify,cms_Receipt_verify,0.9608749903738699
bio_cb.c_bio_cb.c,BIO_debug_callback,BIO_debug_callback,0.9608435817663594
cms_smime.c_cms_smime.c,CMS_verify,CMS_verify,0.9607233402429649
ecp_smpl.c_ecp_smpl.c,ec_GFp_simple_is_on_curve,ec_GFp_simple_cmp,0.9603875179418944
bn_gf2m.c_bn_gf2m.c,BN_GF2m_mod_mul_arr,BN_GF2m_mod_mul_arr,0.9601652174432161
c_cfb64.c_c_cfb64.c,CAST_cfb64_encrypt,CAST_cfb64_encrypt,0.9600594885098156
e_aes.c_e_aes.c,aes_gcm_ctrl,aes_gcm_ctrl,0.959930047347499
bf_cfb64.c_bf_cfb64.c,BF_cfb64_encrypt,BF_cfb64_encrypt,0.9597498712279434
ecp_smpl.c_ecp_smpl.c,ec_GFp_simple_cmp,ec_GFp_simple_is_on_curve,0.9597096421555311
pem_info.c_pem_info.c,PEM_X509_INFO_write_bio,PEM_X509_INFO_write_bio,0.9596747063021849
x509_akey.c_v3_akey.c,v2i_AUTHORITY_KEYID,v2i_AUTHORITY_KEYID,0.9591612784118608
ec2_oct.c_ec2_oct.c,ec_GF2m_simple_oct2point,ec_GF2m_simple_oct2point,0.9591576670000048
tasn_new.c_tasn_new.c,ASN1_primitive_new,asn1_primitive_new,0.9591526076371388
ccm128.c_ccm128.c,CRYPTO_ccm128_encrypt,CRYPTO_ccm128_decrypt,0.9590812056879761
ca.c_ca.c,do_updatedb,do_updatedb,0.959037594209421
ecp_oct.c_ecp_oct.c,ec_GFp_simple_oct2point,ec_GFp_simple_oct2point,0.9590322367942838
ecp_smpl.c_ec2_smpl.c,ec_GFp_simple_is_on_curve,ec_GF2m_simple_is_on_curve,0.9586281108512134
bn_exp.c_bn_exp.c,BN_mod_exp_recp,BN_mod_exp_recp,0.9585344231573765
ec2_oct.c_ecp_oct.c,ec_GF2m_simple_oct2point,ec_GFp_simple_oct2point,0.9583530633436066
rsa_eay.c_rsa_ossl.c,RSA_eay_public_encrypt,rsa_ossl_public_encrypt,0.9582255967827258
bn_nist.c_bn_sm2p256.c,BN_nist_mod_256,BN_sm2_mod_256,0.95818381500656
bn_nist.c_bn_nist.c,BN_nist_mod_256,BN_nist_mod_256,0.957916714737272
tasn_dec.c_tasn_dec.c,asn1_item_ex_d2i,asn1_item_embed_d2i,0.9578974819499217
ec_asn1.c_ec_asn1.c,ec_asn1_group2fieldid,ec_asn1_group2fieldid,0.9577672833322235
bn_mont.c_bn_mont.c,BN_from_montgomery_word,BN_from_montgomery_word,0.9570444107191076
ecp_oct.c_ecp_oct.c,ec_GFp_simple_set_compressed_coordinates,ec_GFp_simple_set_compressed_coordinates,0.9565337208846452
cbc128.c_cbc128.c,CRYPTO_cbc128_decrypt,CRYPTO_cbc128_decrypt,0.9563661596274322
bf_ofb64.c_bf_cfb64.c,BF_ofb64_encrypt,BF_cfb64_encrypt,0.9556552511783964
ecp_oct.c_ec2_oct.c,ec_GFp_simple_oct2point,ec_GF2m_simple_oct2point,0.9553278189889971
pk7_smime.c_pk7_smime.c,PKCS7_decrypt,PKCS7_decrypt,0.9551796324688464
bn_gf2m.c_bn_gf2m.c,BN_GF2m_mod_inv,BN_GF2m_mod_inv,0.9549149573605988
asn1_gen.c_asn1_gen.c,asn1_str2type,asn1_str2type,0.954811181483217
ts.c_ts.c,create_query,create_query,0.95447506871934
x509_utl.c_v3_utl.c,do_x509_check,do_x509_check,0.954406300343958
bn_kron.c_bn_kron.c,BN_kronecker,BN_kronecker,0.9539400912484534
c_ofb64.c_c_cfb64.c,CAST_ofb64_encrypt,CAST_cfb64_encrypt,0.9539092048735462
cms_kari.c_cms_kari.c,cms_RecipientInfo_kari_encrypt,cms_RecipientInfo_kari_encrypt,0.9537368301063665
cms_env.c_cms_env.c,cms_RecipientInfo_ktri_decrypt,cms_RecipientInfo_ktri_decrypt,0.9535569424668301
dh_key.c_dh_key.c,compute_key,compute_key,0.9533222789072822
by_file.c_by_file.c,X509_load_cert_crl_file,X509_load_cert_crl_file,0.9528511253749301
ec2_smpl.c_ecp_smpl.c,ec_GF2m_simple_is_on_curve,ec_GFp_simple_is_on_curve,0.9523408041123393
cms_pwri.c_cms_pwri.c,CMS_add0_recipient_password,CMS_add0_recipient_password,0.9519457412423429
rsa_sign.c_rsa_sign.c,int_rsa_verify,int_rsa_verify,0.9517159292268995
ocsp_ext.c_ocsp_ext.c,OCSP_url_svcloc_new,OCSP_url_svcloc_new,0.9515138410786823
a_int.c_a_int.c,c2i_ASN1_INTEGER,d2i_ASN1_UINTEGER,0.9509286483754766
a_strex.c_a_strex.c,do_name_ex,do_name_ex,0.9507224844747235
rc2cfb64.c_rc2cfb64.c,RC2_cfb64_encrypt,RC2_cfb64_encrypt,0.9500361193447607
e_rc4_hmac_md5.c_e_rc4_hmac_md5.c,rc4_hmac_md5_ctrl,rc4_hmac_md5_ctrl,0.9500126093414549
x509_alt.c_v3_alt.c,copy_email,copy_email,0.9498498318330875
ofb64enc.c_ofb64enc.c,DES_ofb64_encrypt,DES_ofb64_encrypt,0.9497806436561462
tasn_enc.c_tasn_enc.c,asn1_ex_i2c,asn1_ex_i2c,0.9496532602225568
conf_def.c_conf_def.c,def_load_bio,def_load_bio,0.9489956380088086
rsa_pmeth.c_rsa_pmeth.c,pkey_rsa_verifyrecover,pkey_rsa_verifyrecover,0.9486037023188392
bio_ndef.c_bio_ndef.c,BIO_new_NDEF,BIO_new_NDEF,0.9481468227540162
ecp_smpl.c_ecp_smpl.c,ec_GFp_simple_dbl,ec_GFp_simple_is_on_curve,0.9478532114590439
pem_info.c_pem_info.c,PEM_X509_INFO_read_bio,PEM_X509_INFO_read_bio,0.9477545926837474
ts_rsp_sign.c_ts_rsp_sign.c,TS_RESP_sign,ts_RESP_sign,0.9473670270925777
gcm128.c_gcm128.c,CRYPTO_gcm128_encrypt_ctr32,CRYPTO_gcm128_encrypt_ctr32,0.9460325340574749
ec_ameth.c_ec_ameth.c,ecdh_cms_encrypt,ecdh_cms_encrypt,0.9457782353937398
ocsp_prn.c_ocsp_prn.c,OCSP_REQUEST_print,OCSP_REQUEST_print,0.9457580071035219
gcm128.c_gcm128.c,CRYPTO_gcm128_setiv,CRYPTO_gcm128_setiv,0.9457457523882935
x509_prn.c_v3_prn.c,X509V3_EXT_print,X509V3_EXT_print,0.9450799868066633
gcm128.c_gcm128.c,CRYPTO_gcm128_decrypt_ctr32,CRYPTO_gcm128_encrypt_ctr32,0.9440562485552471
dsa_ameth.c_dsa_ameth.c,dsa_pub_decode,dsa_pub_decode,0.9439943651087062
gcm128.c_gcm128.c,CRYPTO_gcm128_decrypt_ctr32,CRYPTO_gcm128_decrypt_ctr32,0.9438775840867243
ssl_sess.c_ssl_sess.c,ssl_get_new_session,ssl_get_new_session,0.9438566652877605
x_x509.c_x_x509.c,x509_cb,x509_cb,0.9438552307262714
ecp_smpl.c_ec2_smpl.c,ec_GFp_simple_cmp,ec_GF2m_simple_is_on_curve,0.9437436665568817
req.c_req.c,prompt_info,prompt_info,0.9434688724555118
gcm128.c_gcm128.c,CRYPTO_gcm128_encrypt_ctr32,CRYPTO_gcm128_decrypt_ctr32,0.9422922644470518
ec_ameth.c_ec_ameth.c,ecdh_cms_set_shared_info,ecdh_cms_set_shared_info,0.9420579063790515
ec2_mult.c_ec2_mult.c,ec_GF2m_montgomery_point_multiply,ec_GF2m_montgomery_point_multiply,0.9418989287430111
cms_pwri.c_cms_pwri.c,cms_RecipientInfo_pwri_crypt,cms_RecipientInfo_pwri_crypt,0.9416352122294602
xts128.c_xts128.c,CRYPTO_xts128_encrypt,CRYPTO_xts128_encrypt,0.9408006538594451
bn_exp.c_bn_exp.c,BN_mod_exp_mont_internal,BN_mod_exp_mont,0.940735061850737
a_int.c_a_bitstr.c,c2i_ASN1_INTEGER,c2i_ASN1_BIT_STRING,0.94030688517872
bn_nist.c_bn_sm2p256.c,BN_nist_mod_384,BN_sm2_mod_256,0.9398726095039804
bn_nist.c_bn_nist.c,BN_nist_mod_384,BN_nist_mod_256,0.9395361873586812
x509_cpols.c_v3_cpols.c,notice_section,notice_section,0.9390695894052705
ssl_pkt.c_d1_msg.c,ssl3_dispatch_alert,dtls1_dispatch_alert,0.9388525317634706
ocsp_srv.c_ocsp_srv.c,OCSP_basic_add1_status,OCSP_basic_add1_status,0.9388387451510531
d1_pkt.c_d1_msg.c,dtls1_dispatch_alert,dtls1_dispatch_alert,0.9387076562640456
ocsp.c_ocsp.c,make_ocsp_response,make_ocsp_response,0.938265468454541
ec2_smpl.c_ecp_smpl.c,ec_GF2m_simple_is_on_curve,ec_GFp_simple_cmp,0.9381504877950458
x509_alt.c_v3_alt.c,i2v_GENERAL_NAME,i2v_GENERAL_NAME,0.9381208992216757
rc2ofb64.c_rc2cfb64.c,RC2_ofb64_encrypt,RC2_cfb64_encrypt,0.9377978841278916
ec_pmeth.c_ec_pmeth.c,pkey_ec_derive,pkey_ec_derive,0.9375384589538702
i_ofb64.c_i_ofb64.c,idea_ofb64_encrypt,IDEA_ofb64_encrypt,0.9372991155012338
ofb64ede.c_ofb64ede.c,DES_ede3_ofb64_encrypt,DES_ede3_ofb64_encrypt,0.9372836525347363
x509_sxnet.c_v3_sxnet.c,SXNET_add_id_INTEGER,SXNET_add_id_INTEGER,0.9369439817674798
ofb64ede.c_ofb64enc.c,DES_ede3_ofb64_encrypt,DES_ofb64_encrypt,0.9365018121367943
ctr128.c_ctr128.c,CRYPTO_ctr128_encrypt_ctr32,CRYPTO_ctr128_encrypt_ctr32,0.936186665304904
cms_env.c_cms_env.c,cms_RecipientInfo_kekri_decrypt,cms_RecipientInfo_kekri_encrypt,0.9361713418194308
req.c_req.c,make_REQ,make_REQ,0.9350491993096867
ca.c_ca.c,certify_spkac,certify_spkac,0.9348452299948783
txt_db.c_txt_db.c,TXT_DB_write,TXT_DB_write,0.9348284200573656
cfb_enc.c_cfb_enc.c,DES_cfb_encrypt,DES_cfb_encrypt,0.9345689855495489
ecp_smpl.c_ecp_smpl.c,ec_GFp_simple_add,ec_GFp_simple_is_on_curve,0.9343898565548838
pk7_smime.c_pk7_smime.c,PKCS7_get0_signers,PKCS7_get0_signers,0.9343477398618134
c_cfb64.c_c_ofb64.c,CAST_cfb64_encrypt,CAST_ofb64_encrypt,0.9341515670385319
p_seal.c_p_seal.c,EVP_SealInit,EVP_SealInit,0.9329337926044067
ecp_smpl.c_ecp_smpl.c,ec_GFp_simple_add,ec_GFp_simple_cmp,0.9320738057741873
bn_nist.c_bn_nist.c,BN_nist_mod_224,BN_nist_mod_224,0.9319128991093282
bf_cfb64.c_bf_ofb64.c,BF_cfb64_encrypt,BF_ofb64_encrypt,0.9318789191235466
evp_enc.c_evp_enc.c,EVP_CipherInit_ex,EVP_CipherInit_ex,0.9314802621979372
passwd.c_passwd.c,do_passwd,do_passwd,0.9311440990229882
x509_ncons.c_v3_ncons.c,v2i_NAME_CONSTRAINTS,v2i_NAME_CONSTRAINTS,0.9298727701058678
ecp_smpl.c_ecp_smpl.c,ec_GFp_simple_is_on_curve,ec_GFp_simple_dbl,0.9297835777743838
x509_lu.c_x509_lu.c,X509_STORE_get_by_subject,X509_STORE_CTX_get_by_subject,0.9296255420876728
txt_db.c_txt_db.c,TXT_DB_read,TXT_DB_read,0.9295244799021133
e_aes_cbc_hmac_sha1.c_e_aes_cbc_hmac_sha1.c,aesni_cbc_hmac_sha1_cipher,aesni_cbc_hmac_sha1_cipher,0.9295149388083348
cms_sd.c_cms_sd.c,cms_sd_set_version,cms_sd_set_version,0.9293789290495229
x509_vfy.c_x509_vfy.c,X509_STORE_CTX_init,X509_STORE_CTX_init,0.9293485745296786
bio_enc.c_bio_enc.c,enc_ctrl,enc_ctrl,0.929312716985583
cms_smime.c_cms_smime.c,CMS_sign_receipt,CMS_sign_receipt,0.9291526321298829
bn_exp2.c_bn_exp2.c,BN_mod_exp2_mont,BN_mod_exp2_mont,0.9287529527886045
rsa_gen.c_rsa_gen.c,rsa_builtin_keygen,rsa_builtin_keygen,0.9283072538907591
bss_acpt.c_bss_acpt.c,acpt_ctrl,acpt_ctrl,0.9281644373483333
dsa_gen.c_dsa_gen.c,dsa_builtin_paramgen,dsa_builtin_paramgen,0.9279954484596379
bn_nist.c_bn_nist.c,BN_nist_mod_256,BN_nist_mod_384,0.9276483666724122
ec_mult.c_ec_mult.c,ec_wNAF_mul,ec_wNAF_mul,0.9274451075214164
ecp_smpl.c_ecp_smpl.c,ec_GFp_simple_points_make_affine,ec_GFp_simple_points_make_affine,0.9268350897222175
x509_pci.c_v3_pci.c,r2i_pci,r2i_pci,0.9260909656704958
asn_mime.c_asn_mime.c,multi_split,multi_split,0.9259375061942439
conf_def.c_conf_def.c,str_copy,str_copy,0.9258546161336068
rsa_eay.c_rsa_ossl.c,RSA_eay_private_decrypt,rsa_ossl_private_encrypt,0.9250886130257283
apps.c_apps.c,password_callback,password_callback,0.924970499505712
ca.c_ca.c,certify,certify,0.9242616409084912
cms_sd.c_cms_sd.c,CMS_set1_signers_certs,CMS_set1_signers_certs,0.923984303582382
rc2cfb64.c_rc2ofb64.c,RC2_cfb64_encrypt,RC2_ofb64_encrypt,0.922925883514759
ec2_oct.c_ec2_oct.c,ec_GF2m_simple_set_compressed_coordinates,ec_GF2m_simple_oct2point,0.9229255561230484
cfb64ede.c_cfb64ede.c,DES_ede3_cfb64_encrypt,DES_ede3_cfb64_encrypt,0.9228867418717106
ec_ameth.c_ec_ameth.c,ecdh_cms_set_peerkey,ecdh_cms_set_peerkey,0.922864670202348
dsa_ameth.c_dsa_ameth.c,dsa_priv_decode,dsa_priv_decode,0.9228133346116991
x_crl.c_x_crl.c,crl_cb,crl_cb,0.9226931720744808
des_enc.c_des_enc.c,DES_ede3_cbc_encrypt,DES_ede3_cbc_encrypt,0.9224176656059945
x509_crld.c_v3_crld.c,v2i_crld,v2i_crld,0.9218693622722783
cms_smime.c_cms_smime.c,CMS_decrypt_set1_pkey,CMS_decrypt_set1_pkey,0.9214791589737094
tasn_utl.c_tasn_utl.c,asn1_do_adb,asn1_do_adb,0.9214692989350048
ofb64enc.c_ofb64ede.c,DES_ofb64_encrypt,DES_ede3_ofb64_encrypt,0.9212902219434599
cms_env.c_cms_env.c,cms_EnvelopedData_init_bio,cms_EnvelopedData_init_bio,0.9204778093977559
a_mbstr.c_a_mbstr.c,ASN1_mbstring_ncopy,ASN1_mbstring_ncopy,0.9202991547604995
ofb64ede.c_cfb64ede.c,DES_ede3_ofb64_encrypt,DES_ede3_cfb64_encrypt,0.9194988028887973
ec2_oct.c_ecp_oct.c,ec_GF2m_simple_set_compressed_coordinates,ec_GFp_simple_oct2point,0.9192813564610807
x509_purp.c_v3_purp.c,x509v3_cache_extensions,x509v3_cache_extensions,0.9186598178947784
a_object.c_a_object.c,a2d_ASN1_OBJECT,a2d_ASN1_OBJECT,0.9169890763060292
ecp_smpl.c_ecp_smpl.c,ec_GFp_simple_dbl,ec_GFp_simple_cmp,0.9164603434460699
cbc_enc.c_cbc_enc.c,DES_cbc_encrypt,DES_cbc_encrypt,0.91634483400071
bio_ssl.c_bio_ssl.c,ssl_ctrl,ssl_ctrl,0.9151639114653256
cfb64enc.c_cfb64enc.c,DES_cfb64_encrypt,DES_cfb64_encrypt,0.9147348948318826
ts_conf.c_ts_conf.c,TS_CONF_set_policies,TS_CONF_set_policies,0.9147310821099877
apps.c_apps.c,save_serial,save_serial,0.9146978081115384
i_cfb64.c_i_cfb64.c,idea_cfb64_encrypt,IDEA_cfb64_encrypt,0.9146628975806734
ca.c_ca.c,get_certificate_status,get_certificate_status,0.9143603915904714
ecp_smpl.c_ecp_oct.c,ec_GFp_simple_point_get_affine_coordinates,ec_GFp_simple_set_compressed_coordinates,0.9141481870303394
ec_curve.c_ec_curve.c,ec_group_new_from_data,ec_group_new_from_data,0.913616508701125
pk7_doit.c_pk7_doit.c,pkcs7_decrypt_rinfo,pkcs7_encode_rinfo,0.9135063059378907
ec_mult.c_ec_mult.c,ec_wNAF_precompute_mult,ec_wNAF_precompute_mult,0.9129736500138084
rsa_eay.c_rsa_ossl.c,RSA_eay_private_encrypt,rsa_ossl_private_decrypt,0.912820540827326
pk7_doit.c_pk7_doit.c,PKCS7_dataDecode,PKCS7_dataDecode,0.9124740557089992
ecp_smpl.c_ecp_smpl.c,ec_GFp_simple_add,ec_GFp_simple_dbl,0.9122910540802154
ecp_smpl.c_ecp_smpl.c,ec_GFp_simple_is_on_curve,ec_GFp_simple_add,0.9117008362561565
x509_crld.c_v3_crld.c,set_dist_point_name,set_dist_point_name,0.9112619740770882
pem_lib.c_pem_lib.c,PEM_do_header,PEM_do_header,0.9112173715685714
x509_lu.c_x509_lu.c,X509_STORE_CTX_get1_issuer,X509_STORE_CTX_get1_issuer,0.910929827972147
obj_dat.c_obj_dat.c,OBJ_obj2txt,OBJ_obj2txt,0.9109269305217589
ofb_enc.c_ofb_enc.c,DES_ofb_encrypt,DES_ofb_encrypt,0.9107055835392714
ts_rsp_verify.c_ts_rsp_verify.c,TS_check_status_info,ts_check_status_info,0.9104345270421424
bss_conn.c_bss_conn.c,conn_ctrl,conn_ctrl,0.9098247355594854
a_object.c_a_object.c,c2i_ASN1_OBJECT,c2i_ASN1_OBJECT,0.9092101538749484
ecp_smpl.c_ecp_smpl.c,ec_GFp_simple_cmp,ec_GFp_simple_add,0.9088224851224497
ssl_ciph.c_ssl_ciph.c,ssl_cipher_process_rulestr,ssl_cipher_process_rulestr,0.9085927513564728
tasn_fre.c_tasn_new.c,asn1_item_combine_free,asn1_item_embed_new,0.9081816739135706
cms_env.c_cms_env.c,cms_RecipientInfo_ktri_encrypt,cms_RecipientInfo_ktri_decrypt,0.9080842063548085
e_aes.c_e_sms4_ccm.c,aes_ccm_cipher,sms4_ccm_tls_cipher,0.9077562994337744
dsa_gen.c_dsa_gen.c,dsa_builtin_paramgen,dsa_builtin_paramgen2,0.9077415170483654
ecp_smpl.c_ecp_smpl.c,ec_GFp_simple_dbl,ec_GFp_simple_add,0.9071723509192893
x_name.c_x_name.c,x509_name_canon,x509_name_canon,0.9069670904659046
tasn_new.c_tasn_fre.c,asn1_item_ex_combine_new,asn1_item_embed_free,0.9065569513819008
ca.c_ca.c,do_body,do_body,0.9062468189808326
ec2_oct.c_ec2_oct.c,ec_GF2m_simple_point2oct,ec_GF2m_simple_oct2point,0.9053743774772227
a_bitstr.c_a_int.c,c2i_ASN1_BIT_STRING,d2i_ASN1_UINTEGER,0.9053368973156605
ec2_smpl.c_ec2_oct.c,ec_GF2m_simple_add,ec_GF2m_simple_oct2point,0.9046644058003679
asn1_gen.c_asn1_gen.c,ASN1_generate_v3,generate_v3,0.9041494779494674
s3_cbc.c_s3_cbc.c,ssl3_cbc_digest_record,ssl3_cbc_digest_record,0.9039390040592701
ec2_oct.c_ecp_oct.c,ec_GF2m_simple_point2oct,ec_GFp_simple_oct2point,0.9037664574681588
ecp_oct.c_ecp_oct.c,ec_GFp_simple_point2oct,ec_GFp_simple_oct2point,0.9037246355143896
ofb64enc.c_cfb64enc.c,DES_ofb64_encrypt,DES_cfb64_encrypt,0.9035182627353988
eng_table.c_eng_table.c,engine_table_register,engine_table_register,0.9031465815916067
ui_lib.c_ui_lib.c,UI_set_result,UI_set_result,0.9029337390518537
bn_sqrt.c_bn_sqrt.c,BN_mod_sqrt,BN_mod_sqrt,0.9018873224935876
x509_info.c_v3_info.c,v2i_AUTHORITY_INFO_ACCESS,v2i_AUTHORITY_INFO_ACCESS,0.9015877641625283
tasn_fre.c_tasn_fre.c,ASN1_primitive_free,asn1_primitive_free,0.9011242816913259
asn1_gen.c_asn1_gen.c,asn1_multi,asn1_multi,0.9008529469010824
ecp_oct.c_ec2_oct.c,ec_GFp_simple_point2oct,ec_GF2m_simple_oct2point,0.900395377259914
ecp_smpl.c_ecp_smpl.c,ec_GFp_simple_cmp,ec_GFp_simple_dbl,0.8989689625022798
cbc_enc.c_des_enc.c,DES_cbc_encrypt,DES_ncbc_encrypt,0.8987362722563029
cms.c_cms.c,receipt_request_print,receipt_request_print,0.8987357165999377
ecs_ossl.c_ecdsa_ossl.c,ecdsa_do_verify,ossl_ecdsa_verify_sig,0.8984740124411046
ocsp.c_ocsp.c,print_ocsp_summary,print_ocsp_summary,0.8980592083962629
p5_pbev2.c_p5_pbev2.c,PKCS5_pbe2_set_iv,PKCS5_pbe2_set_iv,0.8978345012606654
ede_cbcm_enc.c_des_enc.c,DES_ede3_cbcm_encrypt,DES_ncbc_encrypt,0.89759273107254
tasn_prn.c_tasn_prn.c,asn1_primitive_print,asn1_primitive_print,0.8969541378058792
a_int.c_a_bitstr.c,d2i_ASN1_UINTEGER,c2i_ASN1_BIT_STRING,0.8967800277877646
pem_lib.c_pem_lib.c,PEM_read_bio,PEM_read_bio,0.8966490402413254
sess_id.c_sess_id.c,sess_id_main,sess_id_main,0.8964501623527048
nseq.c_nseq.c,nseq_main,nseq_main,0.8961514479489816
des_enc.c_cbc_enc.c,DES_ncbc_encrypt,DES_cbc_encrypt,0.8960975381293455
pk7_doit.c_pk7_doit.c,pkcs7_encode_rinfo,pkcs7_decrypt_rinfo,0.8955011233928926
x509_cpols.c_v3_cpols.c,policy_section,policy_section,0.8954758210029943
ec2_smpl.c_ec2_oct.c,ec_GF2m_simple_add,ec_GF2m_simple_set_compressed_coordinates,0.8952175465609826
pcy_map.c_pcy_map.c,policy_cache_set_mapping,policy_cache_set_mapping,0.8950826799488698
xcbc_enc.c_xcbc_enc.c,DES_xcbc_encrypt,DES_xcbc_encrypt,0.8949930479884055
x509_obj.c_x509_obj.c,X509_NAME_oneline,X509_NAME_oneline,0.8948942478669835
ecparam.c_ecparam.c,ecparam_main,ecparam_main,0.8945985580338096
ca.c_ca.c,do_revoke,do_revoke,0.8945602337675049
des_enc.c_des_enc.c,DES_ncbc_encrypt,DES_ncbc_encrypt,0.8944950242986625
pvkfmt.c_pvkfmt.c,do_PVK_body,i2b_PVK,0.8943057156762209
ec2_smpl.c_ecp_oct.c,ec_GF2m_simple_add,ec_GFp_simple_oct2point,0.8938611066947728
ecs_ossl.c_sm2_sign.c,ecdsa_do_verify,sm2_do_verify,0.8935617192604679
pcy_tree.c_pcy_tree.c,tree_calculate_user_set,tree_calculate_user_set,0.8929463867284739
e_aes.c_e_sms4_ccm.c,aes_ccm_cipher,sms4_ccm_cipher,0.892848018035389
bn_nist.c_bn_nist.c,BN_nist_mod_384,BN_nist_mod_224,0.8926733553325499
i_ofb64.c_i_cfb64.c,idea_ofb64_encrypt,IDEA_cfb64_encrypt,0.8926275653899556
bn_print.c_bn_print.c,BN_dec2bn,BN_dec2bn,0.8925837938744751
dsa_ossl.c_dsa_ossl.c,dsa_sign_setup,dsa_sign_setup,0.8919889685072915
bio_b64.c_bio_b64.c,b64_write,b64_write,0.891096067419396
ede_cbcm_enc.c_cbc_enc.c,DES_ede3_cbcm_encrypt,DES_cbc_encrypt,0.8910016719516507
dh_ameth.c_dh_ameth.c,dh_pub_decode,dh_pub_decode,0.8906764076919635
bn_div.c_bn_div.c,BN_div_internal,BN_div,0.890113802666199
base64.c_srp_vfy.c,__b64_pton,t_fromb64,0.8900441287780254
ec2_oct.c_ec2_oct.c,ec_GF2m_simple_oct2point,ec_GF2m_simple_set_compressed_coordinates,0.8899486381513279
pem_lib.c_pem_lib.c,PEM_ASN1_write_bio,PEM_ASN1_write_bio,0.8897203786943146
x509_cpols.c_v3_cpols.c,r2i_certpol,r2i_certpol,0.88891691197167
cfb64enc.c_cfb64ede.c,DES_cfb64_encrypt,DES_ede3_cfb64_encrypt,0.8887616106579246
ecp_smpl.c_ec2_smpl.c,ec_GFp_simple_dbl,ec_GF2m_simple_is_on_curve,0.8884177924302131
tasn_dec.c_tasn_dec.c,asn1_template_noexp_d2i,asn1_template_noexp_d2i,0.8881192099166348
bio_b64.c_bio_b64.c,b64_read,b64_write,0.8879362412018772
ofb64enc.c_cfb64ede.c,DES_ofb64_encrypt,DES_ede3_cfb64_encrypt,0.8877969096054896
ecp_smpl.c_ecp_oct.c,ec_GFp_simple_set_Jprojective_coordinates_GFp,ec_GFp_simple_set_compressed_coordinates,0.8875520260672065
ofb64ede.c_cfb64enc.c,DES_ede3_ofb64_encrypt,DES_cfb64_encrypt,0.8870924207078466
x509_vfy.c_x509_vfy.c,get_crl_sk,get_crl_sk,0.8869977835915106
bn_exp.c_bn_exp2.c,BN_mod_exp_mont_internal,BN_mod_exp2_mont,0.886707920264508
verify.c_verify.c,check,check,0.8866732907632852
cfb64ede.c_cfb64enc.c,DES_ede3_cfb64_encrypt,DES_cfb64_encrypt,0.8858886043844167
p5_crpt.c_p5_crpt.c,PKCS5_PBE_keyivgen,PKCS5_PBE_keyivgen,0.8857854969706382
ec_asn1.c_ec_asn1.c,i2d_ECPrivateKey,i2d_ECPrivateKey,0.885087523805711
cms_env.c_cms_env.c,cms_RecipientInfo_ktri_decrypt,cms_RecipientInfo_ktri_encrypt,0.884976598701688
cfb_enc.c_ofb_enc.c,DES_cfb_encrypt,DES_ofb_encrypt,0.8848591681673376
bn_nist.c_bn_nist.c,BN_nist_mod_256,BN_nist_mod_224,0.8846511533663521
ccm128.c_ccm128.c,CRYPTO_ccm128_decrypt_ccm64,CRYPTO_ccm128_decrypt,0.8842748808808527
ecp_oct.c_ec2_oct.c,ec_GFp_simple_oct2point,ec_GF2m_simple_set_compressed_coordinates,0.884159208288377
crl2p7.c_crl2p7.c,crl2pkcs7_main,crl2pkcs7_main,0.8840847534385867
x509_lu.c_x509_lu.c,X509_STORE_get1_certs,X509_STORE_CTX_get1_certs,0.8839641085002011
s_server.c_s_server.c,cert_status_cb,cert_status_cb,0.8839415134003239
e_des3.c_e_des3.c,des_ede3_cfb1_cipher,des_ede3_cfb1_cipher,0.8833803220359907
x509.c_x509.c,x509_certify,x509_certify,0.8832146509057457
speed.c_speed.c,do_multi,do_multi,0.8831036681596388
ede_cbcm_enc.c_xcbc_enc.c,DES_ede3_cbcm_encrypt,DES_xcbc_encrypt,0.8826106317819008
ec2_oct.c_ec2_oct.c,ec_GF2m_simple_point2oct,ec_GF2m_simple_set_compressed_coordinates,0.8823648162787672
ccm128.c_ccm128.c,CRYPTO_ccm128_encrypt_ccm64,CRYPTO_ccm128_decrypt,0.8820280510975078
ec_ameth.c_dh_ameth.c,ecdh_cms_encrypt,dh_cms_encrypt,0.8819042683247876
d1_both.c_statem_dtls.c,dtls1_buffer_message,dtls1_buffer_message,0.88134548721029
bn_exp.c_bn_exp2.c,BN_mod_exp_mont_word,BN_mod_exp2_mont,0.8810742882732845
pk7_doit.c_pk7_doit.c,PKCS7_dataFinal,PKCS7_dataFinal,0.8794870365150013
rsa_pmeth.c_rsa_pmeth.c,pkey_rsa_keygen,pkey_rsa_keygen,0.8793935324372908
ocsp.c_ocsp.c,process_responder,process_responder,0.8793667523646271
txt_db.c_txt_db.c,TXT_DB_create_index,TXT_DB_create_index,0.8791740627195079
dsa.c_dsa.c,dsa_main,dsa_main,0.8788892922532727
bio_b64.c_bio_b64.c,b64_write,b64_read,0.8787257088260443
ocsp_srv.c_ocsp_srv.c,OCSP_basic_sign,OCSP_basic_sign,0.8780881273592918
a_d2i_fp.c_a_d2i_fp.c,asn1_d2i_read_bio,asn1_d2i_read_bio,0.878005180938105
ec_ameth.c_dh_ameth.c,ecdh_cms_set_shared_info,dh_cms_set_shared_info,0.8777279819335005
bn_exp.c_bn_exp.c,BN_mod_exp_mont_consttime,BN_mod_exp_mont_consttime,0.8775061041117118
ts.c_ts.c,verify_command,verify_command,0.8772286497584554
ecp_smpl.c_ec2_smpl.c,ec_GFp_simple_add,ec_GF2m_simple_is_on_curve,0.8770661831105477
ecp_smpl.c_ecp_smpl.c,ec_GFp_simple_group_set_curve,ec_GFp_simple_point_get_affine_coordinates,0.8765839036917356
s_server.c_s_server.c,www_body,www_body,0.8761463294787541
ccm128.c_ccm128.c,CRYPTO_ccm128_decrypt_ccm64,CRYPTO_ccm128_encrypt,0.8754025813874731
ecp_oct.c_ec2_oct.c,ec_GFp_simple_point2oct,ec_GF2m_simple_set_compressed_coordinates,0.875395342294106
ec_asn1.c_ec_asn1.c,d2i_ECPrivateKey,d2i_ECPrivateKey,0.8752746826677394
ec2_oct.c_ecp_oct.c,ec_GF2m_simple_set_compressed_coordinates,ec_GFp_simple_set_compressed_coordinates,0.8751881512375512
bn_exp2.c_bn_exp.c,BN_mod_exp2_mont,BN_mod_exp_mont,0.8746865756432125
p12_crpt.c_p5_crpt.c,PKCS12_PBE_keyivgen,PKCS5_PBE_keyivgen,0.8746019384028652
by_dir.c_by_dir.c,get_cert_by_subject,get_cert_by_subject,0.8735641311501324
ccm128.c_ccm128.c,CRYPTO_ccm128_encrypt_ccm64,CRYPTO_ccm128_encrypt,0.873515694881913
ecp_oct.c_ec2_oct.c,ec_GFp_simple_set_compressed_coordinates,ec_GF2m_simple_set_compressed_coordinates,0.8732710692593035
gcm128.c_gcm128.c,CRYPTO_gcm128_encrypt_ctr32,CRYPTO_gcm128_aad,0.8731456930251921
cms_sd.c_cms_sd.c,cms_SignerInfo_content_sign,cms_SignerInfo_content_sign,0.8719397563820984
des_enc.c_xcbc_enc.c,DES_ncbc_encrypt,DES_xcbc_encrypt,0.8716503330452672
ec_mult.c_bn_intern.c,compute_wNAF,bn_compute_wNAF,0.8713341731073633
pk7_lib.c_pk7_lib.c,PKCS7_add_signer,PKCS7_add_signer,0.8711040662727259
ecp_smpl.c_ec2_oct.c,ec_GFp_simple_set_Jprojective_coordinates_GFp,ec_GF2m_simple_set_compressed_coordinates,0.8707938350209891
bio_b64.c_bio_b64.c,b64_ctrl,b64_ctrl,0.8707428889060487
ec_asn1.c_ec_asn1.c,ec_asn1_group2parameters,EC_GROUP_get_ecparameters,0.8704757985139283
rsa_pmeth.c_rsa_pmeth.c,pkey_rsa_sign,pkey_rsa_sign,0.8704696989824812
pk7_smime.c_pk7_smime.c,PKCS7_verify,PKCS7_verify,0.8700642052645693
e_rc4_hmac_md5.c_e_rc4_hmac_md5.c,rc4_hmac_md5_ctrl,rc4_hmac_md5_cipher,0.8698883640064239
bn_exp.c_bn_exp.c,BN_mod_exp_mont_word,BN_mod_exp_mont,0.8695997380351994
cbc_enc.c_xcbc_enc.c,DES_cbc_encrypt,DES_xcbc_encrypt,0.8695513448078009
ec2_oct.c_ec2_oct.c,ec_GF2m_simple_set_compressed_coordinates,ec_GF2m_simple_point2oct,0.8693352682837368
dh_ameth.c_dh_ameth.c,dh_priv_decode,dh_priv_decode,0.8693282791712743
x_crl.c_x_crl.c,crl_set_issuers,crl_set_issuers,0.8687805217472246
asn1pars.c_asn1pars.c,asn1parse_main,asn1parse_main,0.8686319560420777
pvkfmt.c_pvkfmt.c,i2b_PVK,do_PVK_body,0.8686191967346428
req.c_req.c,add_attribute_object,add_attribute_object,0.8683353743332007
ccm128.c_ccm128.c,CRYPTO_ccm128_decrypt,CRYPTO_ccm128_decrypt_ccm64,0.8679738758932465
cfb64ede.c_cfb64ede.c,DES_ede3_cfb_encrypt,DES_ede3_cfb_encrypt,0.8678955201325662
ec2_smpl.c_ecp_smpl.c,ec_GF2m_simple_is_on_curve,ec_GFp_simple_dbl,0.8675108066504046
x509_skey.c_v3_skey.c,s2i_skey_id,s2i_skey_id,0.8671991727994728
t_crl.c_t_crl.c,X509_CRL_print,X509_CRL_print,0.8668208925194273
eck_prn.c_eck_prn.c,ECPKParameters_print,ECPKParameters_print,0.8664886010784736
ec2_oct.c_ecp_oct.c,ec_GF2m_simple_set_compressed_coordinates,ec_GFp_simple_point2oct,0.8662415660091407
rsa_pmeth.c_rsa_pmeth.c,pkey_rsa_verify,pkey_rsa_verify,0.8655946510634225
gcm128.c_gcm128.c,CRYPTO_gcm128_decrypt_ctr32,CRYPTO_gcm128_aad,0.8651604781095628
pkcs12.c_pkcs12.c,print_attribs,print_attribs,0.8651342132564688
pcy_tree.c_pcy_tree.c,tree_init,tree_init,0.8650741785355662
gostr341001.c_ecdsa_ossl.c,gost2001_do_verify,ossl_ecdsa_verify_sig,0.8641033077437059
ccm128.c_ccm128.c,CRYPTO_ccm128_decrypt,CRYPTO_ccm128_encrypt_ccm64,0.8640518217811834
set_key.c_set_key.c,DES_set_key_unchecked,DES_set_key_unchecked,0.8632864879467974
cms_sd.c_cms_sd.c,CMS_add1_signer,CMS_add1_signer,0.8622764890642063
ec2_oct.c_ec2_oct.c,ec_GF2m_simple_oct2point,ec_GF2m_simple_point2oct,0.862069547089824
ecp_oct.c_ecp_oct.c,ec_GFp_simple_oct2point,ec_GFp_simple_point2oct,0.8619569507084146
ec2_oct.c_ecp_oct.c,ec_GF2m_simple_oct2point,ec_GFp_simple_point2oct,0.8613666790299481
s_server.c_s_server.c,init_ssl_connection,init_ssl_connection,0.8609403829115843
smime.c_smime.c,smime_main,smime_main,0.8606484720541039
xcbc_enc.c_des_enc.c,DES_xcbc_encrypt,DES_ncbc_encrypt,0.860183738081769
ecp_oct.c_ec2_oct.c,ec_GFp_simple_oct2point,ec_GF2m_simple_point2oct,0.8585845931963367
ecp_oct.c_ec2_oct.c,ec_GFp_simple_set_compressed_coordinates,ec_GF2m_simple_oct2point,0.8581229866627401
ecp_smpl.c_ecp_oct.c,ec_GFp_simple_set_Jprojective_coordinates_GFp,ec_GFp_simple_oct2point,0.8577034786330529
pkcs8.c_pkcs8.c,pkcs8_main,pkcs8_main,0.857188502742636
ofb_enc.c_cfb_enc.c,DES_ofb_encrypt,DES_cfb_encrypt,0.857170321279737
spkac.c_spkac.c,spkac_main,spkac_main,0.8571434958195685
i_cfb64.c_i_ofb64.c,idea_cfb64_encrypt,IDEA_ofb64_encrypt,0.8569609268716954
x509_pmaps.c_v3_pmaps.c,v2i_POLICY_MAPPINGS,v2i_POLICY_MAPPINGS,0.8569244313307132
xcbc_enc.c_cbc_enc.c,DES_xcbc_encrypt,DES_cbc_encrypt,0.8566520790084952
ccm128.c_ccm128.c,CRYPTO_ccm128_encrypt,CRYPTO_ccm128_decrypt_ccm64,0.8560083045651352
gostr341001.c_sm2_sign.c,gost2001_do_verify,sm2_do_verify,0.8555880670599569
ecp_oct.c_ecp_smpl.c,ec_GFp_simple_set_compressed_coordinates,ec_GFp_simple_point_get_affine_coordinates,0.8553127926384272
x509_lu.c_x509_lu.c,X509_STORE_get1_crls,X509_STORE_CTX_get1_crls,0.8552730580301948
bn_nist.c_bn_sm2p256.c,BN_nist_mod_224,BN_sm2_mod_256,0.8549140642429894
bn_nist.c_bn_nist.c,BN_nist_mod_224,BN_nist_mod_256,0.8548938137835305
ecp_oct.c_ecp_oct.c,ec_GFp_simple_set_compressed_coordinates,ec_GFp_simple_oct2point,0.8545601375342219
ca.c_ca.c,ca_main,ca_main,0.8542345597951715
ca.c_ca.c,certify_cert,certify,0.8542265038156517
rsa_ameth.c_rsa_ameth.c,rsa_cms_encrypt,rsa_cms_encrypt,0.8535088602393072
ecp_smpl.c_ecp_oct.c,ec_GFp_simple_group_set_curve,ec_GFp_simple_oct2point,0.8532917846529366
ocsp.c_ocsp.c,query_responder,query_responder,0.852993789003633
ccm128.c_ccm128.c,CRYPTO_ccm128_encrypt,CRYPTO_ccm128_encrypt_ccm64,0.8525045236214117
bn_nist.c_bn_nist.c,BN_nist_mod_224,BN_nist_mod_384,0.8524917481945021
ec2_smpl.c_ecp_smpl.c,ec_GF2m_simple_is_on_curve,ec_GFp_simple_add,0.8523562977243945
x509_pci.c_v3_pci.c,process_pci_value,process_pci_value,0.8521061049319903
ecp_smpl.c_ec2_oct.c,ec_GFp_simple_group_set_curve,ec_GF2m_simple_set_compressed_coordinates,0.851777110724302
ecp_smpl.c_ec2_oct.c,ec_GFp_simple_set_Jprojective_coordinates_GFp,ec_GF2m_simple_oct2point,0.8516552244032631
pem_pk8.c_pem_pkey.c,d2i_PKCS8PrivateKey_bio,PEM_read_bio_PrivateKey,0.8514058478006893
ocsp_vfy.c_ocsp_vfy.c,OCSP_request_verify,OCSP_request_verify,0.8509080473057011
tasn_enc.c_tasn_enc.c,asn1_set_seq_out,asn1_set_seq_out,0.8506490578371328
req.c_req.c,set_keygen_ctx,set_keygen_ctx,0.8499585659308275
pkcs7.c_pkcs7.c,pkcs7_main,pkcs7_main,0.8494974596741021
ecp_smpl.c_ec2_oct.c,ec_GFp_simple_group_set_curve,ec_GF2m_simple_oct2point,0.849285071778951
pcy_cache.c_pcy_cache.c,policy_cache_create,policy_cache_create,0.8491128619290336
ecp_smpl.c_ec2_oct.c,ec_GFp_simple_point_get_affine_coordinates,ec_GF2m_simple_set_compressed_coordinates,0.8487542563885202
by_dir.c_by_dir.c,add_cert_dir,add_cert_dir,0.8487015544579091
a_time_tm.c_a_utctm.c,ASN1_time_parse,ASN1_UTCTIME_adj,0.8474698865130303
ocsp.c_ocsp.c,add_ocsp_serial,add_ocsp_serial,0.847209675946659
ssl_cert.c_ssl_cert.c,ssl_verify_cert_chain,ssl_verify_cert_chain,0.8471659453581505
x509_r2x.c_x509_r2x.c,X509_REQ_to_X509,X509_REQ_to_X509,0.847118670988867
ca.c_ca.c,certify,certify_cert,0.847117272111703
ec2_smpl.c_ec2_oct.c,ec_GF2m_simple_add,ec_GF2m_simple_point2oct,0.8469020279670524
a_strex.c_a_strex.c,do_buf,do_buf,0.8462486768215998
cbc_enc.c_des_enc.c,DES_cbc_encrypt,DES_ede3_cbc_encrypt,0.846023126359573
dsa_ossl.c_dsa_ossl.c,dsa_do_verify,dsa_do_verify,0.8460177322463796
apps.c_apps.c,load_certs_crls,load_certs_crls,0.8458732536069626
x_name.c_x_name.c,x509_name_ex_d2i,x509_name_ex_d2i,0.8450290653318686
ec_key.c_ec_key.c,EC_KEY_copy,EC_KEY_copy,0.844173461016356
ec.c_ec.c,ec_main,ec_main,0.843672088651283
ecp_smpl.c_ecp_oct.c,ec_GFp_simple_group_set_curve,ec_GFp_simple_set_compressed_coordinates,0.8436189922480937
ecp_smpl.c_ecp_smpl.c,ec_GFp_simple_set_Jprojective_coordinates_GFp,ec_GFp_simple_point_get_affine_coordinates,0.8432423701195844
ec2_smpl.c_ecp_oct.c,ec_GF2m_simple_add,ec_GFp_simple_set_compressed_coordinates,0.8427794903953313
ec_key.c_ec_key.c,EC_KEY_check_key,EC_KEY_set_public_key_affine_coordinates,0.8415122355002037
ofb64enc.c_ofb_enc.c,DES_ofb64_encrypt,DES_ofb_encrypt,0.8414155766970077
ecs_ossl.c_sm2_sign.c,ecdsa_sign_setup,sm2_sign_setup,0.8406612504781055
pk7_doit.c_pk7_doit.c,PKCS7_dataInit,PKCS7_dataDecode,0.8404144525696187
des_enc.c_des_enc.c,DES_ncbc_encrypt,DES_ede3_cbc_encrypt,0.8402294276699084
pk7_doit.c_pk7_doit.c,PKCS7_dataDecode,PKCS7_dataInit,0.8401856145589293
ede_cbcm_enc.c_des_enc.c,DES_ede3_cbcm_encrypt,DES_ede3_cbc_encrypt,0.8394106853963526
des_enc.c_cbc_enc.c,DES_ede3_cbc_encrypt,DES_cbc_encrypt,0.8392984285173215
ca.c_ca.c,certify_cert,certify_cert,0.8392128612234557
p5_pbev2.c_p5_scrypt.c,PKCS5_pbe2_set_iv,PKCS5_pbe2_set_scrypt,0.838861347601279
gcm128.c_gcm128.c,CRYPTO_gcm128_aad,CRYPTO_gcm128_encrypt_ctr32,0.8385576031917938
e_aes_cbc_hmac_sha1.c_e_aes_cbc_hmac_sha1.c,aesni_cbc_hmac_sha1_ctrl,aesni_cbc_hmac_sha1_ctrl,0.8384935423798476
ssl_lib.c_ssl_lib.c,SSL_dup,SSL_dup,0.8384214332082867
p12_kiss.c_p12_kiss.c,PKCS12_parse,PKCS12_parse,0.8379216117676748
bn_nist.c_bn_sm2p256.c,BN_nist_mod_192,BN_sm2_mod_256,0.837904659146937
bn_nist.c_bn_nist.c,BN_nist_mod_192,BN_nist_mod_256,0.8377761829308741
t1_lib.c_t1_lib.c,tls_decrypt_ticket,tls_decrypt_ticket,0.8374582202226221
ocsp_ht.c_ocsp_ht.c,OCSP_sendreq_nbio,OCSP_REQ_CTX_nbio,0.8371785516622365
des_enc.c_des_enc.c,DES_ede3_cbc_encrypt,DES_ncbc_encrypt,0.8369916261876162
ec2_smpl.c_ecp_oct.c,ec_GF2m_simple_add,ec_GFp_simple_point2oct,0.8368620490653835
pem_pkey.c_pem_pk8.c,PEM_read_bio_PrivateKey,d2i_PKCS8PrivateKey_bio,0.8364420448117018
bn_exp.c_bn_exp.c,BN_mod_exp_mont_internal,BN_mod_exp_mont_word,0.836399242126878
bn_nist.c_bn_nist.c,BN_nist_mod_192,BN_nist_mod_384,0.8361926012835754
cfb64enc.c_ofb64enc.c,DES_cfb64_encrypt,DES_ofb64_encrypt,0.8358505943790954
ecp_smpl.c_ec2_oct.c,ec_GFp_simple_point_get_affine_coordinates,ec_GF2m_simple_oct2point,0.8353225842225203
bss_dgram.c_bss_dgram.c,dgram_ctrl,dgram_ctrl,0.8343695081654876
ede_cbcm_enc.c_cfb64enc.c,DES_ede3_cbcm_encrypt,DES_cfb64_encrypt,0.8340513992573066
t_pkey.c_t_pkey.c,ASN1_bn_print,ASN1_bn_print,0.8338342750381889
rsa.c_rsa.c,rsa_main,rsa_main,0.8327349885173767
ec2_oct.c_ecp_oct.c,ec_GF2m_simple_oct2point,ec_GFp_simple_set_compressed_coordinates,0.8318932573677384
des_enc.c_cfb64ede.c,DES_ede3_cbc_encrypt,DES_ede3_cfb64_encrypt,0.8318502577217988
ts_verify_ctx.c_ts_verify_ctx.c,TS_REQ_to_TS_VERIFY_CTX,TS_REQ_to_TS_VERIFY_CTX,0.8318271522724734
by_mem.c_by_file.c,by_mem_ctrl,X509_load_cert_crl_file,0.8316860899483728
cms.c_cms.c,cms_main,cms_main,0.8315459937831755
bn_nist.c_bn_nist.c,BN_nist_mod_384,BN_nist_mod_192,0.8306718303514511
gcm128.c_gcm128.c,CRYPTO_gcm128_aad,CRYPTO_gcm128_decrypt_ctr32,0.8301434768770097
ecp_smpl.c_ecp_oct.c,ec_GFp_simple_point_get_affine_coordinates,ec_GFp_simple_oct2point,0.8299512065230252
dsa_ossl.c_dsa_ossl.c,dsa_do_sign,dsa_do_sign,0.8295698005878677
ssl_tlsext.c_d1_srtp.c,tlsext_srtp_server_parse,ssl_add_clienthello_use_srtp_ext,0.8291585393107463
ofb64ede.c_ofb_enc.c,DES_ede3_ofb64_encrypt,DES_ofb_encrypt,0.8278834719129406
ts_rsp_sign.c_ts_rsp_sign.c,TS_RESP_set_genTime_with_precision,TS_RESP_set_genTime_with_precision,0.827878744838445
gcm128.c_gcm128.c,CRYPTO_gcm128_aad,CRYPTO_gcm128_setiv,0.8268363859493328
ec_pmeth.c_ec_pmeth.c,pkey_ec_ctrl,pkey_ec_ctrl,0.8268166724990339
gcm128.c_gcm128.c,CRYPTO_gcm128_setiv,CRYPTO_gcm128_aad,0.8267131207466842
ecp_oct.c_ecp_oct.c,ec_GFp_simple_oct2point,ec_GFp_simple_set_compressed_coordinates,0.8266089570266624
ec2_oct.c_ecp_oct.c,ec_GF2m_simple_point2oct,ec_GFp_simple_set_compressed_coordinates,0.8264516365191643
p12_crpt.c_p12_crpt.c,PKCS12_PBE_keyivgen,PKCS12_PBE_keyivgen,0.8260022255720393
x509_info.c_v3_info.c,i2v_AUTHORITY_INFO_ACCESS,i2v_AUTHORITY_INFO_ACCESS,0.8258091019999501
tasn_enc.c_tasn_fre.c,ASN1_item_ex_i2d,asn1_item_embed_free,0.8245494292373026
apps.c_apps.c,load_pkcs12,load_pkcs12,0.823852391943526
bn_nist.c_bn_nist.c,BN_nist_mod_256,BN_nist_mod_192,0.8232456688870757
bn_gcd.c_bn_sqrt.c,BN_mod_inverse_internal,BN_mod_sqrt,0.8230959996154901
cms_sd.c_cms_sd.c,CMS_SignerInfo_sign,CMS_SignerInfo_sign,0.8230848326268851
bn_exp2.c_bn_exp.c,BN_mod_exp2_mont,BN_mod_exp_mont_word,0.8221903701002957
tasn_new.c_tasn_enc.c,asn1_item_ex_combine_new,ASN1_item_ex_i2d,0.8218804912479178
tasn_fre.c_tasn_enc.c,asn1_item_combine_free,ASN1_item_ex_i2d,0.8217056912588374
ca.c_ca.c,do_updatedb,get_certificate_status,0.8207021989895048
xcbc_enc.c_cfb64enc.c,DES_xcbc_encrypt,DES_cfb64_encrypt,0.8204294408905499
dh_key.c_dh_key.c,compute_key,generate_key,0.8200785411943583
ecp_smpl.c_ec2_oct.c,ec_GFp_simple_cmp,ec_GF2m_simple_oct2point,0.8199469012657079
apps.c_apps.c,load_pubkey,load_pubkey,0.8198192884275896
bn_sqrt.c_bn_gcd.c,BN_mod_sqrt,int_bn_mod_inverse,0.8195187090068952
bn_print.c_bn_print.c,BN_hex2bn,BN_dec2bn,0.8194569134602578
ca.c_ca.c,make_revocation_str,make_revocation_str,0.8194022270880579
ecp_oct.c_ecp_oct.c,ec_GFp_simple_point2oct,ec_GFp_simple_set_compressed_coordinates,0.818867469551974
cfb64ede.c_ofb64ede.c,DES_ede3_cfb64_encrypt,DES_ede3_ofb64_encrypt,0.8183089439713793
ofb64ede.c_des_enc.c,DES_ede3_ofb64_encrypt,DES_ede3_cbc_encrypt,0.8179937330459678
p12_kiss.c_p12_kiss.c,parse_pk12,parse_pk12,0.8179567106022165
ecp_smpl.c_ecp_oct.c,ec_GFp_simple_group_set_curve,ec_GFp_simple_point2oct,0.8167605538108137
ecp_smpl.c_ec2_oct.c,ec_GFp_simple_cmp,ec_GF2m_simple_set_compressed_coordinates,0.8164824008598937
rsa_ameth.c_rsa_ameth.c,rsa_cms_decrypt,rsa_cms_decrypt,0.8152286844894963
ts_rsp_sign.c_ts_rsp_sign.c,TS_RESP_check_request,ts_RESP_check_request,0.8152120286414407
tasn_fre.c_tasn_new.c,ASN1_primitive_free,asn1_primitive_new,0.8152023517305338
dsaparam.c_dsaparam.c,dsaparam_main,dsaparam_main,0.8151542146429503
tasn_fre.c_tasn_enc.c,ASN1_primitive_free,asn1_ex_i2c,0.8135151294909104
cfb64ede.c_ofb64enc.c,DES_ede3_cfb64_encrypt,DES_ofb64_encrypt,0.8133757299400389
ecp_smpl.c_ec2_oct.c,ec_GFp_simple_group_set_curve,ec_GF2m_simple_point2oct,0.813176908434718
bn_exp.c_bn_exp.c,BN_mod_exp_mont_consttime,BN_mod_exp_mont,0.8131632125818128
ecp_oct.c_ec2_oct.c,ec_GFp_simple_set_compressed_coordinates,ec_GF2m_simple_point2oct,0.8128271236965887
rsa_eay.c_rsa_ossl.c,RSA_eay_public_encrypt,rsa_ossl_public_decrypt,0.8122049238956104
rsautl.c_rsautl.c,rsautl_main,rsautl_main,0.8119886204097393
ecp_smpl.c_ecp_oct.c,ec_GFp_simple_cmp,ec_GFp_simple_oct2point,0.8118721239277922
p5_crpt.c_p12_crpt.c,PKCS5_PBE_keyivgen,PKCS12_PBE_keyivgen,0.811842744090657
ofb_enc.c_cfb64enc.c,DES_ofb_encrypt,DES_cfb64_encrypt,0.81115853915973
dsa_ameth.c_dsa_ameth.c,dsa_priv_decode,dsa_pub_decode,0.8111423486621646
ssl_cert.c_ssl_cert.c,ssl_cert_dup,ssl_cert_dup,0.8104225751976242
p5_crpt2.c_p5_crpt2.c,PKCS5_PBKDF2_HMAC,PKCS5_PBKDF2_HMAC,0.810162028999032
tasn_enc.c_tasn_dec.c,ASN1_item_ex_i2d,asn1_item_embed_d2i,0.8100085265259498
apps.c_apps.c,chopup_args,chopup_args,0.810006490068474
ecp_smpl.c_ec2_oct.c,ec_GFp_simple_is_on_curve,ec_GF2m_simple_set_compressed_coordinates,0.8094111605259806
tasn_dec.c_tasn_enc.c,asn1_item_ex_d2i,ASN1_item_ex_i2d,0.8093672843178116
ec.c_sm2.c,ec_main,sm2_main,0.8092134379304321
ecp_smpl.c_ecp_oct.c,ec_GFp_simple_set_Jprojective_coordinates_GFp,ec_GFp_simple_point2oct,0.8088245702959871
tasn_dec.c_tasn_dec.c,asn1_template_noexp_d2i,asn1_template_ex_d2i,0.8088186924893225
ecp_oct.c_ecp_oct.c,ec_GFp_simple_set_compressed_coordinates,ec_GFp_simple_point2oct,0.808570307093923
des_enc.c_xcbc_enc.c,DES_ede3_cbc_encrypt,DES_xcbc_encrypt,0.8081647468403255
pk7_doit.c_pk7_doit.c,PKCS7_SIGNER_INFO_sign,PKCS7_SIGNER_INFO_sign,0.8075350304902913
bn_nist.c_bn_nist.c,BN_nist_mod_521,BN_nist_mod_192,0.807532999468065
ssl_ciph.c_ssl_ciph.c,ssl_create_cipher_list,ssl_create_cipher_list,0.8073444169826722
dsa_ameth.c_dsa_ameth.c,dsa_pub_decode,dsa_priv_decode,0.8072499196833165
cfb64ede.c_des_enc.c,DES_ede3_cfb64_encrypt,DES_ede3_cbc_encrypt,0.8064627420131568
tasn_new.c_tasn_fre.c,ASN1_primitive_new,asn1_primitive_free,0.8057326391034623
des_enc.c_cfb64enc.c,DES_ncbc_encrypt,DES_cfb64_encrypt,0.8054444944002512
req.c_req.c,req_main,req_main,0.8047181977045728
cfb64enc.c_ofb64ede.c,DES_cfb64_encrypt,DES_ede3_ofb64_encrypt,0.804067319345122
ecp_smpl.c_ec2_oct.c,ec_GFp_simple_set_Jprojective_coordinates_GFp,ec_GF2m_simple_point2oct,0.8036834147486864
tasn_dec.c_tasn_new.c,asn1_ex_c2i,asn1_primitive_new,0.8035056703293076
ssl_lib.c_ssl_lib.c,SSL_free,SSL_free,0.8034243114744328
ofb_enc.c_ofb64enc.c,DES_ofb_encrypt,DES_ofb64_encrypt,0.8033571522718443
ts_rsp_print.c_ts_rsp_print.c,TS_TST_INFO_print_bio,TS_TST_INFO_print_bio,0.8029036666019906
dh_key.c_dh_key.c,generate_key,compute_key,0.8022759448581163
ec_lib.c_ec_lib.c,EC_GROUP_copy,EC_GROUP_copy,0.8019988109389427
ecs_ossl.c_ecdsa_ossl.c,ecdsa_sign_setup,ecdsa_sign_setup,0.8019329197481797
rsa_depr.c_rsa_depr.c,RSA_generate_key,RSA_generate_key,0.8012076573884863
d1_both.c_statem_dtls.c,dtls1_retransmit_message,dtls1_retransmit_message,0.8003865165597779
ede_cbcm_enc.c_cfb64ede.c,DES_ede3_cbcm_encrypt,DES_ede3_cfb64_encrypt,0.8003466414884414
bn_nist.c_bn_nist.c,BN_nist_mod_192,BN_nist_mod_521,0.8002445006247831
ec2_smpl.c_ec2_oct.c,ec_GF2m_simple_is_on_curve,ec_GF2m_simple_set_compressed_coordinates,0.8002343571840972
