file_name,openssl_101f,gmssl,sim_value
pcy_cache.c_pcy_cache.c,policy_cache_new,policy_cache_new,0.9993154394197337
e_rc4_hmac_md5.c_e_rc4_hmac_md5.c,rc4_hmac_md5_ctrl,rc4_hmac_md5_ctrl,0.9989532479015262
cms_env.c_cms_env.c,cms_RecipientInfo_kekri_encrypt,cms_RecipientInfo_kekri_encrypt,0.998932104598915
v3_conf.c_v3_conf.c,v3_generic_extension,v3_generic_extension,0.9984753268736206
b_dump.c_b_dump.c,BIO_dump_indent_cb,BIO_dump_indent_cb,0.9977824301721081
ts_rsp_sign.c_ts_rsp_sign.c,TS_RESP_create_tst_info,ts_RESP_create_tst_info,0.9975429210082285
v3_alt.c_v3_alt.c,i2v_GENERAL_NAME,i2v_GENERAL_NAME,0.9974991916689856
evp_enc.c_evp_enc.c,EVP_DecryptFinal_ex,EVP_DecryptFinal_ex,0.9974737802565401
e_rc4_hmac_md5.c_e_rc4_hmac_md5.c,rc4_hmac_md5_cipher,rc4_hmac_md5_cipher,0.9974181853415449
x_long.c_x_long.c,long_i2c,long_i2c,0.9971117533386925
c_ofb64.c_c_ofb64.c,CAST_ofb64_encrypt,CAST_ofb64_encrypt,0.9959237111268435
cms_lib.c_cms_lib.c,CMS_dataFinal,CMS_dataFinal,0.9958861799930254
rc4test.c_rc4test.c,main,main,0.9957143244847038
pk7_lib.c_pk7_lib.c,PKCS7_set_type,PKCS7_set_type,0.9953651805914221
pk7_doit.c_pk7_doit.c,PKCS7_dataVerify,PKCS7_dataVerify,0.9952681579765129
bf_ofb64.c_bf_ofb64.c,BF_ofb64_encrypt,BF_ofb64_encrypt,0.9951124772752732
asn_mime.c_asn_mime.c,SMIME_write_ASN1,SMIME_write_ASN1,0.994220372254045
v3_alt.c_v3_alt.c,a2i_GENERAL_NAME,a2i_GENERAL_NAME,0.9942165268957415
a_mbstr.c_a_mbstr.c,ASN1_mbstring_ncopy,ASN1_mbstring_ncopy,0.9941953977630859
wp_dgst.c_wp_dgst.c,WHIRLPOOL_Final,WHIRLPOOL_Final,0.9941028490513776
eng_dyn.c_eng_dyn.c,dynamic_ctrl,dynamic_ctrl,0.9939919229397846
bss_file.c_bss_file.c,file_ctrl,file_ctrl,0.9939496150729499
cms_env.c_cms_env.c,CMS_RecipientInfo_kekri_get0_id,CMS_RecipientInfo_kekri_get0_id,0.9939192515370134
ec_asn1.c_ec_asn1.c,ec_asn1_group2curve,ec_asn1_group2curve,0.9938415984324009
bn_kron.c_bn_kron.c,BN_kronecker,BN_kronecker,0.9938268220530154
x509_vfy.c_x509_vfy.c,crl_akid_check,crl_akid_check,0.9934156553810116
cms_env.c_cms_env.c,cms_RecipientInfo_kekri_decrypt,cms_RecipientInfo_kekri_decrypt,0.9934113042368378
bio_ok.c_bio_ok.c,ok_read,ok_read,0.9932436078536442
ec_asn1.c_ec_asn1.c,ec_asn1_parameters2group,EC_GROUP_new_from_ecparameters,0.993148465314572
rc2_skey.c_rc2_skey.c,RC2_set_key,RC2_set_key,0.9930334948464141
bio_asn1.c_bio_asn1.c,asn1_bio_write,asn1_bio_write,0.9928535990034
x509_vfy.c_x509_vfy.c,X509_cmp_time,X509_cmp_time,0.9926591556006112
asn1_gen.c_asn1_gen.c,asn1_str2type,asn1_str2type,0.9926407005031372
d2i_pr.c_d2i_pr.c,d2i_PrivateKey,d2i_PrivateKey,0.9920531868715283
bio_ok.c_bio_ok.c,ok_write,ok_write,0.9919732838069666
ecp_smpl.c_ecp_smpl.c,ec_GFp_simple_add,ec_GFp_simple_add,0.9914333065695604
bn_rand.c_bn_rand.c,bnrand,bnrand,0.9909282090146555
ecp_smpl.c_ecp_smpl.c,ec_GFp_simple_dbl,ec_GFp_simple_dbl,0.9908773890439588
ec2_mult.c_ec2_mult.c,ec_GF2m_simple_mul,ec_GF2m_simple_mul,0.990800975575735
destest.c_destest.c,main,main,0.9906553949670194
pk7_lib.c_pk7_lib.c,PKCS7_RECIP_INFO_set,PKCS7_RECIP_INFO_set,0.9905037343287489
ec2_smpl.c_ec2_smpl.c,ec_GF2m_simple_is_on_curve,ec_GF2m_simple_is_on_curve,0.9901520192513548
bn_nist.c_bn_nist.c,BN_nist_mod_521,BN_nist_mod_521,0.9899413742836322
tasn_new.c_tasn_new.c,ASN1_primitive_new,asn1_primitive_new,0.9898283288566299
ecp_smpl.c_ecp_smpl.c,ec_GFp_simple_is_on_curve,ec_GFp_simple_is_on_curve,0.9896883992174496
bn_gcd.c_bn_gcd.c,BN_mod_inverse,int_bn_mod_inverse,0.9891677119390062
casttest.c_casttest.c,main,main,0.9884464128925605
cms_env.c_cms_env.c,CMS_add0_recipient_key,CMS_add0_recipient_key,0.9874176476865205
bn_exp.c_bn_exp.c,BN_mod_exp_recp,BN_mod_exp_recp,0.9872131831667368
tasn_dec.c_tasn_dec.c,asn1_d2i_ex_primitive,asn1_d2i_ex_primitive,0.9867555565721282
rsa_eay.c_rsa_ossl.c,RSA_eay_private_decrypt,rsa_ossl_private_decrypt,0.9867379669130761
tasn_dec.c_tasn_dec.c,asn1_ex_c2i,asn1_ex_c2i,0.9867020015355042
tasn_prn.c_tasn_prn.c,asn1_template_print_ctx,asn1_template_print_ctx,0.9864566692374557
req.c_req.c,add_attribute_object,add_attribute_object,0.986408096760143
cms_ess.c_cms_ess.c,cms_Receipt_verify,cms_Receipt_verify,0.9861409054672573
rsa_eay.c_rsa_ossl.c,RSA_eay_private_encrypt,rsa_ossl_private_encrypt,0.9861259306471633
rc2ofb64.c_rc2ofb64.c,RC2_ofb64_encrypt,RC2_ofb64_encrypt,0.9859192133224229
pk7_smime.c_pk7_smime.c,PKCS7_decrypt,PKCS7_decrypt,0.985682510574027
cms_env.c_cms_env.c,cms_RecipientInfo_ktri_encrypt,cms_RecipientInfo_ktri_encrypt,0.9852882388704385
bn_nist.c_bn_nist.c,BN_nist_mod_192,BN_nist_mod_192,0.9850941348355156
ecp_smpl.c_ecp_smpl.c,ec_GFp_simple_cmp,ec_GFp_simple_cmp,0.9847883426589163
p_seal.c_p_seal.c,EVP_SealInit,EVP_SealInit,0.9843175368221342
bio_ok.c_bio_ok.c,ok_read,ok_write,0.9841633426606826
bio_ok.c_bio_ok.c,ok_write,ok_read,0.9840777262806226
engine.c_engine.c,util_verbose,util_verbose,0.9839056708794196
ccm128.c_ccm128.c,CRYPTO_ccm128_encrypt_ccm64,CRYPTO_ccm128_encrypt_ccm64,0.9834480889764914
ui_lib.c_ui_lib.c,UI_set_result,UI_set_result,0.9833115410730913
ocsp_cl.c_ocsp_cl.c,OCSP_request_sign,OCSP_request_sign,0.9832080084159194
bn_nist.c_bn_nist.c,BN_nist_mod_224,BN_nist_mod_224,0.9827753597202797
ccm128.c_ccm128.c,CRYPTO_ccm128_encrypt_ccm64,CRYPTO_ccm128_decrypt_ccm64,0.9827412122752004
bn_nist.c_bn_sm2p256.c,BN_nist_mod_256,BN_sm2_mod_256,0.9821600763667695
ccm128.c_ccm128.c,CRYPTO_ccm128_decrypt_ccm64,CRYPTO_ccm128_decrypt_ccm64,0.982066126090506
bn_nist.c_bn_nist.c,BN_nist_mod_256,BN_nist_mod_256,0.9815063656888116
ccm128.c_ccm128.c,CRYPTO_ccm128_decrypt_ccm64,CRYPTO_ccm128_encrypt_ccm64,0.9814285967812506
bntest.c_bntest.c,main,main,0.9811136268284915
tasn_dec.c_tasn_dec.c,asn1_template_ex_d2i,asn1_template_ex_d2i,0.9804775973378561
cms_pwri.c_cms_pwri.c,kek_unwrap_key,kek_unwrap_key,0.9803091062525859
ssl_sess.c_ssl_sess.c,ssl_get_new_session,ssl_get_new_session,0.9802987280778397
bn_gf2m.c_bn_gf2m.c,BN_GF2m_mod_mul_arr,BN_GF2m_mod_mul_arr,0.9802723898867085
bn_lib.c_bn_lib.c,BN_bin2bn,BN_lebin2bn,0.9802525974408958
v3_ncons.c_v3_ncons.c,NAME_CONSTRAINTS_check,NAME_CONSTRAINTS_check,0.9802076825653546
genpkey.c_genpkey.c,init_gen_str,init_gen_str,0.9800263929162528
t1_lib.c_t1_lib.c,ssl_check_serverhello_tlsext,ssl_check_serverhello_tlsext,0.9797899243262954
p12_add.c_p12_add.c,PKCS12_pack_p7encdata,PKCS12_pack_p7encdata,0.9796623154441346
bn_sqrt.c_bn_sqrt.c,BN_mod_sqrt,BN_mod_sqrt,0.9794914162167172
bf_cfb64.c_bf_cfb64.c,BF_cfb64_encrypt,BF_cfb64_encrypt,0.9787960102091913
ofb64ede.c_ofb64ede.c,DES_ede3_ofb64_encrypt,DES_ede3_ofb64_encrypt,0.9774403120832682
cms_env.c_cms_env.c,cms_RecipientInfo_kekri_encrypt,cms_RecipientInfo_kekri_decrypt,0.9773653465270127
ecp_oct.c_ecp_oct.c,ec_GFp_simple_set_compressed_coordinates,ec_GFp_simple_set_compressed_coordinates,0.9773615375614968
pk7_doit.c_pk7_doit.c,pkcs7_decrypt_rinfo,pkcs7_decrypt_rinfo,0.9768879438754576
rand_unix.c_rand_unix.c,RAND_poll,RAND_poll,0.9765820628092184
rsa_eay.c_rsa_ossl.c,RSA_eay_public_encrypt,rsa_ossl_public_encrypt,0.9762191901927539
bftest.c_bftest.c,test,test,0.9758682140206061
rc2cfb64.c_rc2cfb64.c,RC2_cfb64_encrypt,RC2_cfb64_encrypt,0.9757001159029361
gcm128.c_gcm128.c,CRYPTO_gcm128_decrypt_ctr32,CRYPTO_gcm128_decrypt_ctr32,0.975518911955733
gcm128.c_gcm128.c,CRYPTO_gcm128_encrypt_ctr32,CRYPTO_gcm128_encrypt_ctr32,0.9754373089513976
bn_mont.c_bn_mont.c,BN_MONT_CTX_set,BN_MONT_CTX_set,0.9754121008412981
ts_rsp_verify.c_ts_rsp_verify.c,int_TS_RESP_verify_token,int_ts_RESP_verify_token,0.9751029193018876
gcm128.c_gcm128.c,CRYPTO_gcm128_decrypt_ctr32,CRYPTO_gcm128_encrypt_ctr32,0.9748635072839864
e_aes.c_e_aes.c,aes_ccm_cipher,aes_ccm_cipher,0.9747902852464053
req.c_req.c,prompt_info,prompt_info,0.974646037288682
bio_b64.c_bio_b64.c,b64_read,b64_read,0.9741498759018774
ts_rsp_verify.c_ts_rsp_verify.c,TS_RESP_verify_signature,TS_RESP_verify_signature,0.9740064645545474
x509.c_x509.c,x509_load_serial,x509_load_serial,0.9738537325873433
tasn_dec.c_tasn_dec.c,asn1_check_tlen,asn1_check_tlen,0.9737881671240922
p5_pbev2.c_p5_pbev2.c,PKCS5_pbkdf2_set,PKCS5_pbkdf2_set,0.9737847628531754
bf_buff.c_bf_buff.c,buffer_ctrl,buffer_ctrl,0.9737544875957143
ec2_oct.c_ec2_oct.c,ec_GF2m_simple_oct2point,ec_GF2m_simple_oct2point,0.9735968184598284
ecp_oct.c_ecp_oct.c,ec_GFp_simple_oct2point,ec_GFp_simple_oct2point,0.973316467626375
gcm128.c_gcm128.c,CRYPTO_gcm128_encrypt_ctr32,CRYPTO_gcm128_decrypt_ctr32,0.9733039826936463
bn_nist.c_bn_nist.c,BN_nist_mod_384,BN_nist_mod_384,0.9732098346249772
e_des.c_e_des.c,des_cfb1_cipher,des_cfb1_cipher,0.9731341980580106
ec2_oct.c_ec2_oct.c,ec_GF2m_simple_set_compressed_coordinates,ec_GF2m_simple_set_compressed_coordinates,0.9728514886652588
ec2_oct.c_ecp_oct.c,ec_GF2m_simple_oct2point,ec_GFp_simple_oct2point,0.9726442127739751
ts_rsp_verify.c_ts_rsp_verify.c,TS_check_status_info,ts_check_status_info,0.9724441065760026
pem_pkey.c_pem_pkey.c,PEM_read_bio_PrivateKey,PEM_read_bio_PrivateKey,0.9722040546563866
ectest.c_ectest.c,prime_field_tests,prime_field_tests,0.971666998972963
v3_akey.c_v3_akey.c,v2i_AUTHORITY_KEYID,v2i_AUTHORITY_KEYID,0.9703380043469803
ecp_oct.c_ec2_oct.c,ec_GFp_simple_oct2point,ec_GF2m_simple_oct2point,0.9699517023448371
i_ofb64.c_i_ofb64.c,idea_ofb64_encrypt,IDEA_ofb64_encrypt,0.9698356668017936
req.c_req.c,auto_info,auto_info,0.9695729915109392
bn_blind.c_bn_blind.c,BN_BLINDING_create_param,BN_BLINDING_create_param,0.9695681044981186
a_strex.c_a_strex.c,do_name_ex,do_name_ex,0.9695011041649488
tasn_prn.c_tasn_prn.c,asn1_item_print_ctx,asn1_item_print_ctx,0.9694255342668148
ec_asn1.c_ec_asn1.c,ec_asn1_group2fieldid,ec_asn1_group2fieldid,0.9694019590010274
e_aes.c_e_aes.c,aes_ccm_cipher,aes_ccm_tls_cipher,0.9693629997064686
apps.c_apps.c,load_serial,load_serial,0.9691539933204478
ectest.c_ectest.c,internal_curve_test,internal_curve_test,0.968998823507452
ccm128.c_ccm128.c,CRYPTO_ccm128_encrypt,CRYPTO_ccm128_encrypt,0.9689391052722138
cms_env.c_cms_env.c,cms_RecipientInfo_kekri_decrypt,cms_RecipientInfo_kekri_encrypt,0.968938295901395
ocsp_prn.c_ocsp_prn.c,OCSP_RESPONSE_print,OCSP_RESPONSE_print,0.968673716830114
ccm128.c_ccm128.c,CRYPTO_ccm128_decrypt,CRYPTO_ccm128_decrypt,0.9686294141813667
ec_mult.c_bn_intern.c,compute_wNAF,bn_compute_wNAF,0.9685928925695528
ca.c_ca.c,make_revocation_str,make_revocation_str,0.9685826245887119
ecp_smpl.c_ecp_smpl.c,ec_GFp_simple_cmp,ec_GFp_simple_is_on_curve,0.968519222702952
bf_ofb64.c_bf_cfb64.c,BF_ofb64_encrypt,BF_cfb64_encrypt,0.9684815254055757
c_ofb64.c_c_cfb64.c,CAST_ofb64_encrypt,CAST_cfb64_encrypt,0.9684815254055756
ca.c_ca.c,unpack_revinfo,unpack_revinfo,0.9682000784164184
t_spki.c_t_spki.c,NETSCAPE_SPKI_print,NETSCAPE_SPKI_print,0.9681491982817605
c_cfb64.c_c_cfb64.c,CAST_cfb64_encrypt,CAST_cfb64_encrypt,0.9681398996208174
rsa_eay.c_rsa_ossl.c,RSA_eay_public_decrypt,rsa_ossl_public_decrypt,0.9678625891518913
ca.c_ca.c,do_updatedb,do_updatedb,0.9677359064403417
ectest.c_ectest.c,char2_field_tests,char2_field_tests,0.9676631925940782
apps.c_apps.c,load_index,load_index,0.9676317059857622
pk7_doit.c_pk7_doit.c,pkcs7_encode_rinfo,pkcs7_encode_rinfo,0.9674905126086809
bn_exp.c_bn_exp.c,BN_mod_exp_mont_word,BN_mod_exp_mont_word,0.9671525011227239
bn_prime.c_bn_prime.c,BN_is_prime_fasttest_ex,BN_is_prime_fasttest_ex,0.9668690326403362
v3_conf.c_v3_conf.c,do_ext_nconf,do_ext_nconf,0.9665565094417349
ccm128.c_ccm128.c,CRYPTO_ccm128_decrypt,CRYPTO_ccm128_encrypt,0.966331940156983
d1_pkt.c_ssl3_record.c,dtls1_get_record,dtls1_get_record,0.9661534975402346
asn1_par.c_asn1_par.c,asn1_parse2,asn1_parse2,0.9661169060136234
ccm128.c_ccm128.c,CRYPTO_ccm128_encrypt,CRYPTO_ccm128_decrypt,0.9660769079550727
v3_prn.c_v3_prn.c,X509V3_extensions_print,X509V3_extensions_print,0.9659020933178866
ctr128.c_ctr128.c,CRYPTO_ctr128_encrypt_ctr32,CRYPTO_ctr128_encrypt_ctr32,0.9658586639749174
pk7_lib.c_pk7_lib.c,PKCS7_SIGNER_INFO_set,PKCS7_SIGNER_INFO_set,0.965733449215834
conf_def.c_conf_def.c,def_load_bio,def_load_bio,0.9656650636616328
ecp_smpl.c_ecp_smpl.c,ec_GFp_simple_is_on_curve,ec_GFp_simple_cmp,0.9653235110116778
ts_rsp_sign.c_ts_rsp_sign.c,ESS_CERT_ID_new_init,ess_CERT_ID_new_init,0.9651068900373518
eng_cnf.c_eng_cnf.c,int_engine_configure,int_engine_configure,0.9650849446341876
i_cfb64.c_i_cfb64.c,idea_cfb64_encrypt,IDEA_cfb64_encrypt,0.9649999184919927
cms_env.c_cms_env.c,cms_RecipientInfo_ktri_decrypt,cms_RecipientInfo_ktri_encrypt,0.964969044881385
v3_purp.c_v3_purp.c,setup_dp,setup_dp,0.9645550268777703
gcm128.c_gcm128.c,CRYPTO_gcm128_aad,CRYPTO_gcm128_aad,0.9643442605377502
ecp_smpl.c_ec2_smpl.c,ec_GFp_simple_cmp,ec_GF2m_simple_is_on_curve,0.9642347545640682
conf_mod.c_conf_mod.c,module_init,module_init,0.9639937720084732
wp_dgst.c_wp_dgst.c,WHIRLPOOL_BitUpdate,WHIRLPOOL_BitUpdate,0.963793045680724
ecp_smpl.c_ec2_smpl.c,ec_GFp_simple_is_on_curve,ec_GF2m_simple_is_on_curve,0.9633511654516792
dh_key.c_dh_key.c,compute_key,compute_key,0.9632780684480198
req.c_req.c,set_keygen_ctx,set_keygen_ctx,0.962677164364229
bn_exp2.c_bn_exp2.c,BN_mod_exp2_mont,BN_mod_exp2_mont,0.9622995523891971
req.c_req.c,add_DN_object,add_DN_object,0.9622331364890212
obj_dat.c_obj_dat.c,OBJ_obj2txt,OBJ_obj2txt,0.9618525733860317
bn_exp.c_bn_exp.c,BN_mod_exp_mont,BN_mod_exp_mont,0.9612286931930103
ecp_smpl.c_ecp_smpl.c,ec_GFp_simple_points_make_affine,ec_GFp_simple_points_make_affine,0.9608392028450856
srp_vfy.c_srp_vfy.c,SRP_create_verifier,SRP_create_verifier,0.9604232490876029
bn_gf2m.c_bn_gf2m.c,BN_GF2m_mod_inv,BN_GF2m_mod_inv,0.9603324472592247
pem_info.c_pem_info.c,PEM_X509_INFO_write_bio,PEM_X509_INFO_write_bio,0.959958411173202
pem_pk8.c_pem_pk8.c,d2i_PKCS8PrivateKey_bio,d2i_PKCS8PrivateKey_bio,0.9599237978609143
ecdhtest.c_ecdhtest.c,test_ecdh_curve,test_ecdh_curve,0.9595249975568916
bio_cb.c_bio_cb.c,BIO_debug_callback,BIO_debug_callback,0.9591473640307417
x_name.c_x_name.c,x509_name_encode,x509_name_encode,0.9588514757121389
ts.c_ts.c,reply_command,reply_command,0.9584981278565707
ec2_oct.c_ec2_oct.c,ec_GF2m_simple_point2oct,ec_GF2m_simple_point2oct,0.958257753343233
gcm128.c_gcm128.c,CRYPTO_gcm128_setiv,CRYPTO_gcm128_setiv,0.9581706417648445
xts128.c_xts128.c,CRYPTO_xts128_encrypt,CRYPTO_xts128_encrypt,0.9578531818319632
pk7_doit.c_pk7_doit.c,PKCS7_dataInit,PKCS7_dataInit,0.9572689993968244
apps.c_apps.c,password_callback,password_callback,0.9572226539276405
ec2_smpl.c_ecp_smpl.c,ec_GF2m_simple_is_on_curve,ec_GFp_simple_is_on_curve,0.9571412625491417
evp_enc.c_evp_enc.c,EVP_CipherInit_ex,EVP_CipherInit_ex,0.9570087680581351
ofb_enc.c_ofb_enc.c,DES_ofb_encrypt,DES_ofb_encrypt,0.9569778375829934
ecp_oct.c_ecp_oct.c,ec_GFp_simple_point2oct,ec_GFp_simple_point2oct,0.9567209844620614
qud_cksm.c_qud_cksm.c,DES_quad_cksum,DES_quad_cksum,0.9565237981305423
ofb64enc.c_ofb64enc.c,DES_ofb64_encrypt,DES_ofb64_encrypt,0.9563620959935687
v3_cpols.c_v3_cpols.c,notice_section,notice_section,0.9563123890170144
ec2_oct.c_ecp_oct.c,ec_GF2m_simple_point2oct,ec_GFp_simple_point2oct,0.9561100271061277
ec_curve.c_ec_curve.c,ec_group_new_from_data,ec_group_new_from_data,0.9558524444600272
ts.c_ts.c,create_query,create_query,0.9556749037732166
bn_nist.c_bn_nist.c,BN_nist_mod_256,BN_nist_mod_384,0.9554379888166178
asn1_gen.c_asn1_gen.c,ASN1_generate_v3,generate_v3,0.9553012694900164
bio_ndef.c_bio_ndef.c,ndef_suffix,ndef_suffix,0.9550249190767974
des_enc.c_des_enc.c,DES_ede3_cbc_encrypt,DES_ede3_cbc_encrypt,0.9543323912897275
conf_def.c_conf_def.c,str_copy,str_copy,0.9542999699334491
ssltest.c_ssltest_old.c,doit,doit,0.9540069211235853
ecp_oct.c_ec2_oct.c,ec_GFp_simple_point2oct,ec_GF2m_simple_point2oct,0.9538307503159438
v3_alt.c_v3_alt.c,copy_email,copy_email,0.9538198559179247
cms_enc.c_cms_enc.c,cms_EncryptedContent_init_bio,cms_EncryptedContent_init_bio,0.9536504080287431
ecs_ossl.c_ecdsa_ossl.c,ecdsa_do_verify,ossl_ecdsa_verify_sig,0.9536070902425423
cfb_enc.c_cfb_enc.c,DES_cfb_encrypt,DES_cfb_encrypt,0.9533144761497798
x509_vfy.c_x509_vfy.c,X509_STORE_CTX_init,X509_STORE_CTX_init,0.9528527338466268
tasn_enc.c_tasn_enc.c,asn1_template_ex_i2d,asn1_template_ex_i2d,0.9525899139449716
ocsp_ext.c_ocsp_ext.c,OCSP_url_svcloc_new,OCSP_url_svcloc_new,0.952132100516051
req.c_req.c,make_REQ,make_REQ,0.9518078148638445
set_key.c_set_key.c,DES_set_key_unchecked,DES_set_key_unchecked,0.951522185952883
cms_env.c_cms_env.c,cms_RecipientInfo_ktri_decrypt,cms_RecipientInfo_ktri_decrypt,0.9512323311829254
by_file.c_by_file.c,X509_load_cert_crl_file,X509_load_cert_crl_file,0.951090929645103
tasn_utl.c_tasn_utl.c,asn1_do_adb,asn1_do_adb,0.950689226099817
e_aes_cbc_hmac_sha1.c_e_aes_cbc_hmac_sha1.c,aesni_cbc_hmac_sha1_cipher,aesni_cbc_hmac_sha1_cipher,0.9486476998291744
d1_pkt.c_d1_msg.c,dtls1_dispatch_alert,dtls1_dispatch_alert,0.9481232769898399
rc2ofb64.c_rc2cfb64.c,RC2_ofb64_encrypt,RC2_cfb64_encrypt,0.9479437218748085
ec2_mult.c_ec2_mult.c,ec_GF2m_montgomery_point_multiply,ec_GF2m_montgomery_point_multiply,0.9477737510832536
ts_rsp_sign.c_ts_rsp_sign.c,TS_RESP_sign,ts_RESP_sign,0.9473738803004801
a_int.c_a_int.c,d2i_ASN1_UINTEGER,d2i_ASN1_UINTEGER,0.9472783712196946
ecp_smpl.c_ecp_smpl.c,ec_GFp_simple_dbl,ec_GFp_simple_is_on_curve,0.9471160402331404
ocsp_prn.c_ocsp_prn.c,OCSP_REQUEST_print,OCSP_REQUEST_print,0.9467509020230633
speed.c_speed.c,do_multi,do_multi,0.9467103078196801
dh_key.c_dh_key.c,generate_key,generate_key,0.9463073627729721
bn_mont.c_bn_mont.c,BN_from_montgomery_word,BN_from_montgomery_word,0.9459433608878223
ocsp_srv.c_ocsp_srv.c,OCSP_basic_add1_status,OCSP_basic_add1_status,0.945668784002718
ede_cbcm_enc.c_des_enc.c,DES_ede3_cbcm_encrypt,DES_ncbc_encrypt,0.9450845435557864
apps.c_apps.c,save_serial,save_serial,0.9447336892990271
x_x509.c_x_x509.c,x509_cb,x509_cb,0.9446415255030172
v3_prn.c_v3_prn.c,X509V3_EXT_print,X509V3_EXT_print,0.9445000459015986
ecp_smpl.c_ecp_smpl.c,ec_GFp_simple_point_get_affine_coordinates,ec_GFp_simple_point_get_affine_coordinates,0.9439893680158546
tasn_fre.c_tasn_fre.c,ASN1_primitive_free,asn1_primitive_free,0.9439680335988131
s3_cbc.c_ssl3_record.c,tls1_cbc_remove_padding,tls1_cbc_remove_padding,0.9429833689014038
ec2_smpl.c_ecp_smpl.c,ec_GF2m_simple_is_on_curve,ec_GFp_simple_cmp,0.9427767628300305
ecp_smpl.c_ecp_oct.c,ec_GFp_simple_point_get_affine_coordinates,ec_GFp_simple_set_compressed_coordinates,0.9425225298794311
tasn_enc.c_tasn_enc.c,asn1_ex_i2c,asn1_ex_i2c,0.9425039147112614
cfb64ede.c_cfb64ede.c,DES_ede3_cfb_encrypt,DES_ede3_cfb_encrypt,0.9417773673733355
bn_nist.c_bn_sm2p256.c,BN_nist_mod_384,BN_sm2_mod_256,0.9415042693818383
cms_smime.c_cms_smime.c,CMS_sign_receipt,CMS_sign_receipt,0.9413752320670266
bio_enc.c_bio_enc.c,enc_ctrl,enc_ctrl,0.941301569293595
bn_nist.c_bn_nist.c,BN_nist_mod_384,BN_nist_mod_256,0.9402038623778296
dsa_ameth.c_dsa_ameth.c,dsa_pub_decode,dsa_pub_decode,0.9397020404978337
ocsp.c_ocsp.c,query_responder,query_responder,0.9396390768567846
a_bitstr.c_a_bitstr.c,c2i_ASN1_BIT_STRING,c2i_ASN1_BIT_STRING,0.93945011483412
tasn_prn.c_tasn_prn.c,asn1_primitive_print,asn1_primitive_print,0.9394046203558504
passwd.c_passwd.c,do_passwd,do_passwd,0.9390783944003309
v3_cpols.c_v3_cpols.c,policy_section,policy_section,0.9388832727010086
ec_mult.c_ec_mult.c,ec_wNAF_mul,ec_wNAF_mul,0.9387702548498287
ca.c_ca.c,certify_spkac,certify_spkac,0.9387398535824316
srp_vfy.c_srp_vfy.c,SRP_VBASE_init,SRP_VBASE_init,0.9376300719317862
sess_id.c_sess_id.c,sess_id_main,sess_id_main,0.937501802796108
ecs_ossl.c_sm2_sign.c,ecdsa_do_verify,sm2_do_verify,0.9371071755786169
ecp_mont.c_ecp_mont.c,ec_GFp_mont_group_set_curve,ec_GFp_mont_group_set_curve,0.9370500093902
v3_sxnet.c_v3_sxnet.c,SXNET_add_id_INTEGER,SXNET_add_id_INTEGER,0.9369350179991982
rsa_pmeth.c_rsa_pmeth.c,pkey_rsa_verifyrecover,pkey_rsa_verifyrecover,0.9368664712882369
pem_info.c_pem_info.c,PEM_X509_INFO_read_bio,PEM_X509_INFO_read_bio,0.9367286258530769
xcbc_enc.c_xcbc_enc.c,DES_xcbc_encrypt,DES_xcbc_encrypt,0.9366837987509273
ecp_smpl.c_ecp_smpl.c,ec_GFp_simple_is_on_curve,ec_GFp_simple_dbl,0.9364328810597038
ocsp.c_ocsp.c,make_ocsp_response,make_ocsp_response,0.9362164737412881
a_bitstr.c_a_int.c,c2i_ASN1_BIT_STRING,d2i_ASN1_UINTEGER,0.9361136209162186
des_enc.c_des_enc.c,DES_ncbc_encrypt,DES_ncbc_encrypt,0.935990657729207
bn_exp.c_bn_exp2.c,BN_mod_exp_mont,BN_mod_exp2_mont,0.9356986415475745
rc2cfb64.c_rc2ofb64.c,RC2_cfb64_encrypt,RC2_ofb64_encrypt,0.935610964967452
ofb64ede.c_ofb64enc.c,DES_ede3_ofb64_encrypt,DES_ofb64_encrypt,0.9355005253148421
a_object.c_a_object.c,c2i_ASN1_OBJECT,c2i_ASN1_OBJECT,0.934909985899463
a_int.c_a_int.c,c2i_ASN1_INTEGER,d2i_ASN1_UINTEGER,0.9348904692136724
bn_print.c_bn_print.c,BN_dec2bn,BN_dec2bn,0.9347782087930376
ts_rsp_sign.c_ts_rsp_sign.c,TS_RESP_set_genTime_with_precision,TS_RESP_set_genTime_with_precision,0.9341740139469865
bio_ndef.c_bio_ndef.c,BIO_new_NDEF,BIO_new_NDEF,0.9341501733617539
ts_conf.c_ts_conf.c,TS_CONF_set_policies,TS_CONF_set_policies,0.9330154630201586
ecp_smpl.c_ecp_smpl.c,ec_GFp_simple_add,ec_GFp_simple_cmp,0.9328929309156904
cbc_enc.c_cbc_enc.c,DES_cbc_encrypt,DES_cbc_encrypt,0.9327226809770799
ecp_smpl.c_ecp_smpl.c,ec_GFp_simple_add,ec_GFp_simple_is_on_curve,0.9325282435598554
pk7_smime.c_pk7_smime.c,PKCS7_get0_signers,PKCS7_get0_signers,0.9323678626908205
cfb64enc.c_cfb64enc.c,DES_cfb64_encrypt,DES_cfb64_encrypt,0.9317385019998525
txt_db.c_txt_db.c,TXT_DB_read,TXT_DB_read,0.9308348917495641
tasn_enc.c_tasn_enc.c,ASN1_item_ex_i2d,ASN1_item_ex_i2d,0.9307813828418405
bss_acpt.c_bss_acpt.c,acpt_ctrl,acpt_ctrl,0.930424541589749
rsa_gen.c_rsa_gen.c,rsa_builtin_keygen,rsa_builtin_keygen,0.9304002420268356
bf_cfb64.c_bf_ofb64.c,BF_cfb64_encrypt,BF_ofb64_encrypt,0.9296584146406676
cms_sd.c_cms_sd.c,cms_sd_set_version,cms_sd_set_version,0.9289321492649902
cbc128.c_cbc128.c,CRYPTO_cbc128_decrypt,CRYPTO_cbc128_decrypt,0.9287880260276298
a_object.c_a_object.c,a2d_ASN1_OBJECT,a2d_ASN1_OBJECT,0.9285745675104355
cfb64ede.c_cfb64ede.c,DES_ede3_cfb64_encrypt,DES_ede3_cfb64_encrypt,0.9281355862493413
b_print.c_b_print.c,_dopr,_dopr,0.9277055110428984
v3_purp.c_v3_purp.c,x509v3_cache_extensions,x509v3_cache_extensions,0.9275157595472927
ofb64enc.c_cfb64enc.c,DES_ofb64_encrypt,DES_cfb64_encrypt,0.9273293726284272
pk7_doit.c_pk7_doit.c,pkcs7_decrypt_rinfo,pkcs7_encode_rinfo,0.9269507474288217
ede_cbcm_enc.c_cbc_enc.c,DES_ede3_cbcm_encrypt,DES_cbc_encrypt,0.9266735997203239
ca.c_ca.c,certify,certify,0.9264816726094807
txt_db.c_txt_db.c,TXT_DB_create_index,TXT_DB_create_index,0.925946944223814
cbc_enc.c_des_enc.c,DES_cbc_encrypt,DES_ncbc_encrypt,0.925871821411737
pcy_tree.c_pcy_tree.c,tree_calculate_user_set,tree_calculate_user_set,0.9255740558751167
d1_pkt.c_rec_layer_d1.c,dtls1_get_record,dtls1_process_buffered_records,0.9253212236490429
des_enc.c_cbc_enc.c,DES_ncbc_encrypt,DES_cbc_encrypt,0.9244783994243633
cms_sd.c_cms_sd.c,CMS_set1_signers_certs,CMS_set1_signers_certs,0.9237644510859004
ofb64enc.c_ofb64ede.c,DES_ofb64_encrypt,DES_ede3_ofb64_encrypt,0.9227069791803512
v3_ncons.c_v3_ncons.c,v2i_NAME_CONSTRAINTS,v2i_NAME_CONSTRAINTS,0.9226896906676514
ectest.c_ectest.c,char2_field_tests,prime_field_tests,0.9224931968784018
txt_db.c_txt_db.c,TXT_DB_write,TXT_DB_write,0.9221914761511871
x509_obj.c_x509_obj.c,X509_NAME_oneline,X509_NAME_oneline,0.921604763433078
rsa_eay.c_rsa_ossl.c,RSA_eay_private_decrypt,rsa_ossl_private_encrypt,0.9214246592961658
bio_ssl.c_bio_ssl.c,ssl_ctrl,ssl_ctrl,0.921378578393374
ecdsatest.c_ecdsatest.c,test_builtin,test_builtin,0.9206965232560269
pk7_doit.c_pk7_doit.c,PKCS7_dataDecode,PKCS7_dataDecode,0.9205631670667888
v3_info.c_v3_info.c,v2i_AUTHORITY_INFO_ACCESS,v2i_AUTHORITY_INFO_ACCESS,0.9201332872890976
v3_crld.c_v3_crld.c,v2i_crld,v2i_crld,0.9200109366772374
xcbc_enc.c_des_enc.c,DES_xcbc_encrypt,DES_ncbc_encrypt,0.9196907483740249
ec_mult.c_ec_mult.c,ec_wNAF_precompute_mult,ec_wNAF_precompute_mult,0.9195705976527797
ec2_oct.c_ec2_oct.c,ec_GF2m_simple_set_compressed_coordinates,ec_GF2m_simple_oct2point,0.9189251462707845
x_crl.c_x_crl.c,crl_cb,crl_cb,0.9187903944585611
ecp_smpl.c_ecp_smpl.c,ec_GFp_simple_is_on_curve,ec_GFp_simple_add,0.9183301470318804
eng_dyn.c_eng_dyn.c,dynamic_load,dynamic_load,0.9182464197521358
ede_cbcm_enc.c_xcbc_enc.c,DES_ede3_cbcm_encrypt,DES_xcbc_encrypt,0.9179038526934771
x_name.c_x_name.c,x509_name_canon,x509_name_canon,0.9175713355065276
ecp_smpl.c_ecp_smpl.c,ec_GFp_simple_dbl,ec_GFp_simple_cmp,0.9173201156054687
ecparam.c_ecparam.c,ecparam_main,ecparam_main,0.9163409834015712
apps.c_apps.c,load_pubkey,load_pubkey,0.9159714790830795
c_cfb64.c_c_ofb64.c,CAST_cfb64_encrypt,CAST_ofb64_encrypt,0.9157620867982845
ectest.c_ectest.c,prime_field_tests,char2_field_tests,0.9153990412524099
ca.c_ca.c,get_certificate_status,get_certificate_status,0.9151181231539213
ec2_oct.c_ec2_oct.c,ec_GF2m_simple_oct2point,ec_GF2m_simple_set_compressed_coordinates,0.9150258740043856
ofb64ede.c_cfb64ede.c,DES_ede3_ofb64_encrypt,DES_ede3_cfb64_encrypt,0.914977217776446
cfb64ede.c_ofb64ede.c,DES_ede3_cfb64_encrypt,DES_ede3_ofb64_encrypt,0.9149199941100654
ecp_smpl.c_ecp_smpl.c,ec_GFp_simple_add,ec_GFp_simple_dbl,0.9148846051182631
i_ofb64.c_i_cfb64.c,idea_ofb64_encrypt,IDEA_cfb64_encrypt,0.9148219987657149
ec2_oct.c_ecp_oct.c,ec_GF2m_simple_set_compressed_coordinates,ec_GFp_simple_oct2point,0.9146288434027625
bn_div.c_bn_div.c,BN_div,BN_div,0.9145935396543671
rsa_eay.c_rsa_ossl.c,RSA_eay_private_encrypt,rsa_ossl_private_decrypt,0.9145551432781365
tasn_dec.c_tasn_dec.c,asn1_template_noexp_d2i,asn1_template_noexp_d2i,0.9140643773973294
s_server.c_s_server.c,sv_body,sv_body,0.9138393927941884
tasn_dec.c_tasn_dec.c,ASN1_item_ex_d2i,asn1_item_embed_d2i,0.9138315793075626
exptest.c_exptest.c,main,main,0.9136907990663035
pvkfmt.c_pvkfmt.c,i2b_PVK,i2b_PVK,0.9134342669581843
ec2_smpl.c_ec2_oct.c,ec_GF2m_simple_add,ec_GF2m_simple_oct2point,0.9132653061637978
cms.c_cms.c,receipt_request_print,receipt_request_print,0.9126353591629641
v3_pci.c_v3_pci.c,process_pci_value,process_pci_value,0.9123922568358291
pem_pk8.c_pem_pk8.c,do_pk8pkey,do_pk8pkey,0.9120610642173337
verify.c_verify.c,check,check,0.9116068608516346
des_enc.c_xcbc_enc.c,DES_ncbc_encrypt,DES_xcbc_encrypt,0.9115411605341598
d1_both.c_statem_dtls.c,dtls1_do_write,dtls1_do_write,0.9114832961644737
ecp_smpl.c_ecp_smpl.c,ec_GFp_simple_dbl,ec_GFp_simple_add,0.9112646004854947
eng_table.c_eng_table.c,engine_table_register,engine_table_register,0.911254386288604
ecp_smpl.c_ecp_smpl.c,ec_GFp_simple_cmp,ec_GFp_simple_add,0.9108026388392582
s_time.c_s_time.c,doConnection,doConnection,0.9105584365263748
ocsp.c_ocsp.c,process_responder,process_responder,0.9102026290972318
bss_conn.c_bss_conn.c,conn_ctrl,conn_ctrl,0.910153601486254
cms_pwri.c_cms_pwri.c,CMS_add0_recipient_password,CMS_add0_recipient_password,0.9096370701008817
cms_env.c_cms_env.c,cms_RecipientInfo_ktri_encrypt,cms_RecipientInfo_ktri_decrypt,0.9087887830367162
dsa_gen.c_dsa_gen.c,dsa_builtin_paramgen,dsa_builtin_paramgen,0.9086489106549368
ecp_oct.c_ec2_oct.c,ec_GFp_simple_oct2point,ec_GF2m_simple_set_compressed_coordinates,0.9085737033524193
s3_cbc.c_s3_cbc.c,ssl3_cbc_digest_record,ssl3_cbc_digest_record,0.9084591763714536
v3_pci.c_v3_pci.c,r2i_pci,r2i_pci,0.9074629775943559
cfb64enc.c_cfb64ede.c,DES_cfb64_encrypt,DES_ede3_cfb64_encrypt,0.907322895708804
ssltest.c_ssltest_old.c,doit_biopair,doit_biopair,0.9071204695577605
pkeyutl.c_pkeyutl.c,init_ctx,init_ctx,0.9069185973461322
e_aes.c_e_aes.c,aes_gcm_ctrl,aes_gcm_ctrl,0.9068384331077621
bn_exp.c_bn_exp.c,BN_mod_exp_mont_consttime,BN_mod_exp_mont_consttime,0.9066347237120173
v3_crld.c_v3_crld.c,set_dist_point_name,set_dist_point_name,0.9065819233502402
pcy_tree.c_pcy_tree.c,tree_init,tree_init,0.9060168818858031
bn_exp2.c_bn_exp.c,BN_mod_exp2_mont,BN_mod_exp_mont,0.9056831569838386
s_server.c_s_server.c,www_body,www_body,0.9055091744543231
apps.c_apps.c,load_key,load_key,0.9050674192491759
ec2_smpl.c_ec2_oct.c,ec_GF2m_simple_add,ec_GF2m_simple_set_compressed_coordinates,0.905028627730794
ofb_enc.c_cfb_enc.c,DES_ofb_encrypt,DES_cfb_encrypt,0.904665993527616
cms_smime.c_cms_smime.c,CMS_verify,CMS_verify,0.9041705288139747
v3_info.c_v3_info.c,i2v_AUTHORITY_INFO_ACCESS,i2v_AUTHORITY_INFO_ACCESS,0.9039036440514888
pcy_map.c_pcy_map.c,policy_cache_set_mapping,policy_cache_set_mapping,0.9020071562130756
by_dir.c_by_dir.c,get_cert_by_subject,get_cert_by_subject,0.9018856837512133
xcbc_enc.c_cbc_enc.c,DES_xcbc_encrypt,DES_cbc_encrypt,0.9013586135573255
ocsp.c_ocsp.c,print_ocsp_summary,print_ocsp_summary,0.9012970350578515
ec2_smpl.c_ecp_oct.c,ec_GF2m_simple_add,ec_GFp_simple_oct2point,0.9012545955459317
ecp_smpl.c_ecp_smpl.c,ec_GFp_simple_cmp,ec_GFp_simple_dbl,0.9011909782920073
ofb64enc.c_cfb64ede.c,DES_ofb64_encrypt,DES_ede3_cfb64_encrypt,0.900682719198681
p5_pbev2.c_p5_pbev2.c,PKCS5_pbe2_set_iv,PKCS5_pbe2_set_iv,0.9001812259096662
b_print.c_b_print.c,fmtint,fmtint,0.8995748893131286
ecp_oct.c_ec2_oct.c,ec_GFp_simple_set_compressed_coordinates,ec_GF2m_simple_set_compressed_coordinates,0.899414426044578
cfb64ede.c_cfb64enc.c,DES_ede3_cfb64_encrypt,DES_cfb64_encrypt,0.8993677901345519
bio_b64.c_bio_b64.c,b64_ctrl,b64_ctrl,0.8992757130467962
x509_lu.c_x509_lu.c,X509_STORE_get_by_subject,X509_STORE_CTX_get_by_subject,0.8992279706794888
dsa_ossl.c_dsa_ossl.c,dsa_sign_setup,dsa_sign_setup,0.8991751814515077
pem_lib.c_pem_lib.c,PEM_read_bio,PEM_read_bio,0.8988178458342226
ca.c_ca.c,do_body,do_body,0.8986594723025993
ede_cbcm_enc.c_des_enc.c,DES_ede3_cbcm_encrypt,DES_ede3_cbc_encrypt,0.8983552321350425
ts_verify_ctx.c_ts_verify_ctx.c,TS_REQ_to_TS_VERIFY_CTX,TS_REQ_to_TS_VERIFY_CTX,0.8981523775253384
cms_smime.c_cms_smime.c,CMS_decrypt_set1_pkey,CMS_decrypt_set1_pkey,0.8977120883036933
x509_lu.c_x509_lu.c,X509_STORE_CTX_get1_issuer,X509_STORE_CTX_get1_issuer,0.8969789182821706
bn_nist.c_bn_sm2p256.c,BN_nist_mod_224,BN_sm2_mod_256,0.8960048910931292
bn_nist.c_bn_nist.c,BN_nist_mod_224,BN_nist_mod_256,0.8959711349686836
cbc_enc.c_xcbc_enc.c,DES_cbc_encrypt,DES_xcbc_encrypt,0.8954056309022148
ecs_ossl.c_sm2_sign.c,ecdsa_sign_setup,sm2_sign_setup,0.8953548602809313
nseq.c_nseq.c,nseq_main,nseq_main,0.8952643505692185
a_sign.c_a_sign.c,ASN1_sign,ASN1_sign,0.895227752222518
crl2p7.c_crl2p7.c,crl2pkcs7_main,crl2pkcs7_main,0.8950406896942326
pk7_doit.c_pk7_doit.c,PKCS7_dataFinal,PKCS7_dataFinal,0.8942213715025193
ofb64ede.c_cfb64enc.c,DES_ede3_ofb64_encrypt,DES_cfb64_encrypt,0.8941021164346193
randfile.c_randfile.c,RAND_load_file,RAND_load_file,0.893920356990461
bn_nist.c_bn_nist.c,BN_nist_mod_224,BN_nist_mod_384,0.8934129333915491
x509_lu.c_x509_lu.c,X509_STORE_get1_certs,X509_STORE_CTX_get1_certs,0.8924315134990193
bio_b64.c_bio_b64.c,b64_read,b64_write,0.8923942974407806
a_bytes.c_a_bitstr.c,d2i_ASN1_bytes,c2i_ASN1_BIT_STRING,0.8915160735270388
asn1_gen.c_asn1_gen.c,asn1_multi,asn1_multi,0.8913137464966637
rsa_pmeth.c_rsa_pmeth.c,pkey_rsa_keygen,pkey_rsa_keygen,0.8907474383654139
x509_vfy.c_x509_vfy.c,get_crl_sk,get_crl_sk,0.8900653928993285
ecp_oct.c_ecp_smpl.c,ec_GFp_simple_set_compressed_coordinates,ec_GFp_simple_point_get_affine_coordinates,0.8896272304044215
ec_asn1.c_ec_asn1.c,ec_asn1_group2parameters,EC_GROUP_get_ecparameters,0.8891390756629907
cms_pwri.c_cms_pwri.c,cms_RecipientInfo_pwri_crypt,cms_RecipientInfo_pwri_crypt,0.8890066002514762
v3_cpols.c_v3_cpols.c,r2i_certpol,r2i_certpol,0.8890055077930574
bn_nist.c_bn_nist.c,BN_nist_mod_256,BN_nist_mod_224,0.888833326871213
ocsp_srv.c_ocsp_srv.c,OCSP_basic_sign,OCSP_basic_sign,0.8885293248554691
d1_both.c_statem_dtls.c,dtls1_buffer_message,dtls1_buffer_message,0.8883593682869779
i_cfb64.c_i_ofb64.c,idea_cfb64_encrypt,IDEA_ofb64_encrypt,0.8879757882135784
pk7_smime.c_pk7_smime.c,PKCS7_verify,PKCS7_verify,0.8878529819552301
ecp_smpl.c_ec2_oct.c,ec_GFp_simple_group_set_curve,ec_GF2m_simple_set_compressed_coordinates,0.8877266563275428
ecp_oct.c_ecp_oct.c,ec_GFp_simple_oct2point,ec_GFp_simple_point2oct,0.8875704960896371
ec2_oct.c_ec2_oct.c,ec_GF2m_simple_oct2point,ec_GF2m_simple_point2oct,0.8873822474215467
s3_pkt.c_rec_layer_s3.c,ssl3_read_bytes,ssl3_read_bytes,0.8872756316926124
ec_asn1.c_ec_asn1.c,i2d_ECPrivateKey,i2d_ECPrivateKey,0.8871259909466188
d1_both.c_statem_dtls.c,dtls1_retransmit_message,dtls1_retransmit_message,0.8870239916258666
cfb_enc.c_ofb_enc.c,DES_cfb_encrypt,DES_ofb_encrypt,0.8869296363614056
ec2_oct.c_ecp_oct.c,ec_GF2m_simple_oct2point,ec_GFp_simple_point2oct,0.8867436677435947
ecp_smpl.c_ec2_smpl.c,ec_GFp_simple_dbl,ec_GF2m_simple_is_on_curve,0.8864464344734717
ca.c_ca.c,do_revoke,do_revoke,0.8863352863486464
ecp_smpl.c_ecp_oct.c,ec_GFp_simple_group_set_curve,ec_GFp_simple_oct2point,0.8862008982039482
ts.c_ts.c,verify_command,verify_command,0.8856566440241538
ecp_smpl.c_ecp_oct.c,ec_GFp_simple_set_Jprojective_coordinates_GFp,ec_GFp_simple_set_compressed_coordinates,0.8854877654112407
dsa_gen.c_dsa_gen.c,dsa_builtin_paramgen,dsa_builtin_paramgen2,0.8853487733583487
ecp_smpl.c_ecp_oct.c,ec_GFp_simple_group_set_curve,ec_GFp_simple_set_compressed_coordinates,0.8850815059687098
d1_srtp.c_d1_srtp.c,ssl_add_clienthello_use_srtp_ext,ssl_add_clienthello_use_srtp_ext,0.8843841004235267
ecp_oct.c_ec2_oct.c,ec_GFp_simple_oct2point,ec_GF2m_simple_point2oct,0.8842534502974092
s_server.c_s_server.c,init_ssl_connection,init_ssl_connection,0.8839896977926593
asn_mime.c_asn_mime.c,multi_split,multi_split,0.883696167249405
asn1pars.c_asn1pars.c,asn1parse_main,asn1parse_main,0.8835434519092197
bn_exp.c_bn_exp.c,BN_mod_exp_mont_word,BN_mod_exp_mont,0.883470008564717
x509.c_x509.c,x509_certify,x509_certify,0.883467820618423
ssl_ciph.c_ssl_ciph.c,ssl_cipher_process_rulestr,ssl_cipher_process_rulestr,0.8832900229072985
p5_crpt.c_p5_crpt.c,PKCS5_PBE_keyivgen,PKCS5_PBE_keyivgen,0.8830764723416575
s_server.c_s_server.c,cert_status_cb,cert_status_cb,0.8828403627428236
des_enc.c_des_enc.c,DES_ede3_cbc_encrypt,DES_ncbc_encrypt,0.8820999635858544
ecp_smpl.c_ec2_oct.c,ec_GFp_simple_group_set_curve,ec_GF2m_simple_oct2point,0.8820028670325032
ca.c_ca.c,ca_main,ca_main,0.8817335201584819
passwd.c_passwd.c,passwd_main,passwd_main,0.8815182376089609
ecp_oct.c_ec2_oct.c,ec_GFp_simple_set_compressed_coordinates,ec_GF2m_simple_oct2point,0.879536609133077
ccm128.c_ccm128.c,CRYPTO_ccm128_decrypt_ccm64,CRYPTO_ccm128_decrypt,0.8789466843908531
dh_ameth.c_dh_ameth.c,dh_pub_decode,dh_pub_decode,0.8786307271904781
des_enc.c_des_enc.c,DES_ncbc_encrypt,DES_ede3_cbc_encrypt,0.8778407107318628
s3_pkt.c_rec_layer_s3.c,ssl3_read_n,ssl3_read_n,0.8769343455107932
bn_exp.c_bn_exp2.c,BN_mod_exp_mont_word,BN_mod_exp2_mont,0.8767155519837286
rsa_pmeth.c_rsa_pmeth.c,pkey_rsa_verify,pkey_rsa_verify,0.8766277417560888
pk7_doit.c_pk7_doit.c,pkcs7_encode_rinfo,pkcs7_decrypt_rinfo,0.876593100538523
pk7_lib.c_pk7_lib.c,PKCS7_add_signer,PKCS7_add_signer,0.8763246358811532
ccm128.c_ccm128.c,CRYPTO_ccm128_encrypt_ccm64,CRYPTO_ccm128_decrypt,0.876153991295987
dsa.c_dsa.c,dsa_main,dsa_main,0.8758470248419095
a_d2i_fp.c_a_d2i_fp.c,asn1_d2i_read_bio,asn1_d2i_read_bio,0.8755702925785589
ec2_oct.c_ecp_oct.c,ec_GF2m_simple_set_compressed_coordinates,ec_GFp_simple_set_compressed_coordinates,0.8754532922185554
ec2_oct.c_ec2_oct.c,ec_GF2m_simple_point2oct,ec_GF2m_simple_oct2point,0.8753809197577638
ccm128.c_ccm128.c,CRYPTO_ccm128_decrypt,CRYPTO_ccm128_decrypt_ccm64,0.875368880825149
ede_cbcm_enc.c_cfb64enc.c,DES_ede3_cbcm_encrypt,DES_cfb64_encrypt,0.8752030593622884
ecp_oct.c_ecp_oct.c,ec_GFp_simple_set_compressed_coordinates,ec_GFp_simple_oct2point,0.8751290754088166
bio_ok.c_bio_ok.c,ok_read,sig_in,0.8751290401930351
pkcs12.c_pkcs12.c,print_attribs,print_attribs,0.8750173741567409
spkac.c_spkac.c,spkac_main,spkac_main,0.8747950012193857
dh_ameth.c_dh_ameth.c,dh_priv_decode,dh_priv_decode,0.8746476407379543
a_int.c_a_bitstr.c,d2i_ASN1_UINTEGER,c2i_ASN1_BIT_STRING,0.8743659014861228
s3_enc.c_s3_enc.c,ssl3_change_cipher_state,ssl3_change_cipher_state,0.8742609770420338
ecp_smpl.c_ec2_smpl.c,ec_GFp_simple_add,ec_GF2m_simple_is_on_curve,0.8741371273374478
ec2_oct.c_ecp_oct.c,ec_GF2m_simple_point2oct,ec_GFp_simple_oct2point,0.8740052879951887
cbc_enc.c_des_enc.c,DES_cbc_encrypt,DES_ede3_cbc_encrypt,0.8739969558952904
t1_lib.c_t1_lib.c,ssl_add_serverhello_tlsext,ssl_add_serverhello_tlsext,0.8738709124727728
t_x509.c_t_x509.c,X509_ocspid_print,X509_ocspid_print,0.8737936751916761
x509_req.c_x509_req.c,X509_to_X509_REQ,X509_to_X509_REQ,0.8737856462144384
cfb64ede.c_des_enc.c,DES_ede3_cfb64_encrypt,DES_ede3_cbc_encrypt,0.8735815322156595
bn_nist.c_bn_nist.c,BN_nist_mod_384,BN_nist_mod_224,0.8733992787353699
a_int.c_a_bitstr.c,c2i_ASN1_INTEGER,c2i_ASN1_BIT_STRING,0.87314566888287
p12_crpt.c_p5_crpt.c,PKCS12_PBE_keyivgen,PKCS5_PBE_keyivgen,0.8729417960906807
ecp_oct.c_ecp_oct.c,ec_GFp_simple_point2oct,ec_GFp_simple_oct2point,0.8728864135692391
tasn_enc.c_tasn_enc.c,asn1_set_seq_out,asn1_set_seq_out,0.8728212210452855
des_enc.c_cbc_enc.c,DES_ede3_cbc_encrypt,DES_cbc_encrypt,0.8722988216181657
cms_env.c_cms_env.c,cms_EnvelopedData_init_bio,cms_EnvelopedData_init_bio,0.8722070776139985
ec2_smpl.c_ecp_smpl.c,ec_GF2m_simple_is_on_curve,ec_GFp_simple_dbl,0.8719477632868498
ec.c_ec.c,ec_main,ec_main,0.8718269946697861
e_aes.c_e_sms4_ccm.c,aes_ccm_cipher,sms4_ccm_tls_cipher,0.8717710658203706
bio_ok.c_bio_ok.c,ok_write,sig_in,0.8717691523857158
ccm128.c_ccm128.c,CRYPTO_ccm128_decrypt,CRYPTO_ccm128_encrypt_ccm64,0.8716442375886102
bio_ok.c_bio_ok.c,sig_in,ok_write,0.8715892262175609
pvkfmt.c_pvkfmt.c,do_PVK_body,do_PVK_body,0.871280981947193
a_verify.c_a_verify.c,ASN1_verify,ASN1_verify,0.8709940401232199
dsatest.c_dsatest.c,main,main,0.8706695255167224
ecp_oct.c_ec2_oct.c,ec_GFp_simple_point2oct,ec_GF2m_simple_oct2point,0.8700581956478728
ts_rsp_sign.c_ts_rsp_sign.c,TS_RESP_check_request,ts_RESP_check_request,0.8699417052217311
bio_ok.c_bio_ok.c,sig_in,ok_read,0.8698988769354725
ccm128.c_ccm128.c,CRYPTO_ccm128_decrypt_ccm64,CRYPTO_ccm128_encrypt,0.8691459035727412
apps.c_apps.c,load_certs_crls,load_certs_crls,0.8678205841384266
ec2_oct.c_ec2_oct.c,ec_GF2m_simple_set_compressed_coordinates,ec_GF2m_simple_point2oct,0.8672913234158419
ccm128.c_ccm128.c,CRYPTO_ccm128_encrypt_ccm64,CRYPTO_ccm128_encrypt,0.8668546668943365
ccm128.c_ccm128.c,CRYPTO_ccm128_encrypt,CRYPTO_ccm128_decrypt_ccm64,0.866703955776339
ofb64ede.c_des_enc.c,DES_ede3_ofb64_encrypt,DES_ede3_cbc_encrypt,0.8657112210402755
bio_b64.c_bio_b64.c,b64_write,b64_write,0.8654992762076088
s3_both.c_statem_lib.c,ssl3_send_finished,tls_construct_finished,0.8650620094456576
cms_sd.c_cms_sd.c,CMS_add1_signer,CMS_add1_signer,0.8648413445794292
d1_both.c_statem_dtls.c,dtls1_get_message,dtls_get_message,0.8647271126449667
s23_clnt.c_d1_msg.c,ssl23_connect,dtls1_dispatch_alert,0.8645350557167941
bio_ok.c_bio_ok.c,sig_in,sig_in,0.8640711331006965
ec2_oct.c_ecp_oct.c,ec_GF2m_simple_set_compressed_coordinates,ec_GFp_simple_point2oct,0.8635587028270597
v3_skey.c_v3_skey.c,s2i_skey_id,s2i_skey_id,0.8634780707512056
ccm128.c_ccm128.c,CRYPTO_ccm128_encrypt,CRYPTO_ccm128_encrypt_ccm64,0.863469295759549
pem_lib.c_pem_lib.c,PEM_ASN1_write_bio,PEM_ASN1_write_bio,0.863282857197945
ocsp_vfy.c_ocsp_vfy.c,OCSP_request_verify,OCSP_request_verify,0.8631147808178856
d1_srtp.c_d1_srtp.c,ssl_parse_clienthello_use_srtp_ext,ssl_add_clienthello_use_srtp_ext,0.862455068159331
ecp_smpl.c_ec2_oct.c,ec_GFp_simple_point_get_affine_coordinates,ec_GF2m_simple_set_compressed_coordinates,0.8624340102892152
ecp_smpl.c_ec2_oct.c,ec_GFp_simple_set_Jprojective_coordinates_GFp,ec_GF2m_simple_set_compressed_coordinates,0.8621960271920734
by_dir.c_by_dir.c,add_cert_dir,add_cert_dir,0.8613405861711538
pem_lib.c_pem_lib.c,PEM_do_header,PEM_do_header,0.8612720489238576
cfb64ede.c_ofb64enc.c,DES_ede3_cfb64_encrypt,DES_ofb64_encrypt,0.8611333550930969
eck_prn.c_eck_prn.c,ECPKParameters_print,ECPKParameters_print,0.8610385238375107
ocsp.c_ocsp.c,ocsp_main,ocsp_main,0.8602537152052467
ofb64enc.c_ofb_enc.c,DES_ofb64_encrypt,DES_ofb_encrypt,0.8602467207021591
bn_print.c_bn_print.c,BN_hex2bn,BN_dec2bn,0.8586217393846345
e_aes.c_e_sms4_ccm.c,aes_ccm_cipher,sms4_ccm_cipher,0.8584829139683368
x_crl.c_x_crl.c,crl_set_issuers,crl_set_issuers,0.858230604447018
x509_lu.c_x509_lu.c,X509_STORE_get1_crls,X509_STORE_CTX_get1_crls,0.8578133434043627
cfb64enc.c_ofb64enc.c,DES_cfb64_encrypt,DES_ofb64_encrypt,0.8573165977191287
rsa_crpt.c_rsa_crpt.c,RSA_setup_blinding,RSA_setup_blinding,0.8572282774645072
rsa_pmeth.c_rsa_pmeth.c,pkey_rsa_sign,pkey_rsa_sign,0.8568779915609215
ec2_smpl.c_ecp_smpl.c,ec_GF2m_simple_is_on_curve,ec_GFp_simple_add,0.8568676077054413
des_enc.c_cfb64ede.c,DES_ede3_cbc_encrypt,DES_ede3_cfb64_encrypt,0.8565246658682721
bn_exp.c_bn_exp.c,BN_mod_exp_mont,BN_mod_exp_mont_word,0.8564574671603269
ssl_lib.c_ssl_lib.c,SSL_dup,SSL_dup,0.8560093460832164
a_strex.c_a_strex.c,do_buf,do_buf,0.8557101416989735
p5_pbev2.c_p5_scrypt.c,PKCS5_pbe2_set_iv,PKCS5_pbe2_set_scrypt,0.8549228523109165
tasn_new.c_tasn_new.c,asn1_item_ex_combine_new,asn1_item_embed_new,0.8548917634998331
s23_clnt.c_d1_msg.c,ssl23_get_server_hello,dtls1_dispatch_alert,0.8548460605143073
tasn_fre.c_tasn_fre.c,asn1_item_combine_free,asn1_item_embed_free,0.854797541073409
ec2_smpl.c_ec2_oct.c,ec_GF2m_simple_add,ec_GF2m_simple_point2oct,0.854630755060567
ca.c_ca.c,certify,certify_cert,0.8541222218253366
ec2_oct.c_ec2_oct.c,ec_GF2m_simple_point2oct,ec_GF2m_simple_set_compressed_coordinates,0.8539887585174559
gcm128.c_gcm128.c,CRYPTO_gcm128_encrypt_ctr32,CRYPTO_gcm128_aad,0.8538837235079129
ec_key.c_ec_key.c,EC_KEY_check_key,EC_KEY_set_public_key_affine_coordinates,0.8536462122013833
ec2_oct.c_ecp_oct.c,ec_GF2m_simple_oct2point,ec_GFp_simple_set_compressed_coordinates,0.8534906146304313
smime.c_smime.c,smime_main,smime_main,0.853304454233833
s_client.c_s_client.c,print_stuff,print_stuff,0.8526154716077522
xcbc_enc.c_cfb64enc.c,DES_xcbc_encrypt,DES_cfb64_encrypt,0.8524429839891796
des_enc.c_xcbc_enc.c,DES_ede3_cbc_encrypt,DES_xcbc_encrypt,0.8519973161689252
ec2_smpl.c_ecp_oct.c,ec_GF2m_simple_add,ec_GFp_simple_set_compressed_coordinates,0.8518564811237337
bio_ok.c_bio_ok.c,ok_write,sig_out,0.8506820675533151
a_bytes.c_a_int.c,d2i_ASN1_bytes,d2i_ASN1_UINTEGER,0.8503317797102141
d1_both.c_statem_lib.c,dtls1_send_finished,tls_construct_finished,0.8502174880339729
bss_dgram.c_bss_dgram.c,dgram_ctrl,dgram_ctrl,0.850078041623296
ca.c_ca.c,certify_cert,certify,0.8496077098456043
xcbc_enc.c_des_enc.c,DES_xcbc_encrypt,DES_ede3_cbc_encrypt,0.849545661052264
d1_pkt.c_ssl3_record.c,dtls1_process_record,dtls1_process_record,0.8493482157504896
bio_ok.c_bio_ok.c,sig_in,sig_out,0.8490207745013589
ecs_ossl.c_ecdsa_ossl.c,ecdsa_sign_setup,ecdsa_sign_setup,0.8489958209616829
ssl_cert.c_ssl_cert.c,ssl_verify_cert_chain,ssl_verify_cert_chain,0.848923372802582
ecp_smpl.c_ecp_oct.c,ec_GFp_simple_group_set_curve,ec_GFp_simple_point2oct,0.8485790590722115
bn_print.c_bn_print.c,BN_bn2dec,BN_bn2dec,0.8483808334401686
d1_pkt.c_rec_layer_d1.c,dtls1_buffer_record,dtls1_buffer_record,0.8480047208126273
dsa_ossl.c_dsa_ossl.c,dsa_do_verify,dsa_do_verify,0.8478897077647016
ecp_oct.c_ecp_oct.c,ec_GFp_simple_oct2point,ec_GFp_simple_set_compressed_coordinates,0.8476238662113579
ssl_lib.c_ssl_lib.c,SSL_new,SSL_new,0.847059453284825
ec_asn1.c_ec_asn1.c,d2i_ECPrivateKey,d2i_ECPrivateKey,0.8466888597434579
pcy_cache.c_pcy_cache.c,policy_cache_create,policy_cache_create,0.8466675346775452
ecp_smpl.c_ecp_smpl.c,ec_GFp_simple_set_Jprojective_coordinates_GFp,ec_GFp_simple_point_get_affine_coordinates,0.8465109128095352
gcm128.c_gcm128.c,CRYPTO_gcm128_decrypt_ctr32,CRYPTO_gcm128_aad,0.8462485893660183
ecp_oct.c_ec2_oct.c,ec_GFp_simple_point2oct,ec_GF2m_simple_set_compressed_coordinates,0.8461516626794469
bn_nist.c_bn_nist.c,BN_nist_mod_192,BN_nist_mod_384,0.8461201660030733
bn_nist.c_bn_sm2p256.c,BN_nist_mod_192,BN_sm2_mod_256,0.845817623285291
tasn_enc.c_tasn_fre.c,ASN1_item_ex_i2d,asn1_item_embed_free,0.8453257716337541
ofb_enc.c_cfb64enc.c,DES_ofb_encrypt,DES_cfb64_encrypt,0.8451347043020783
bn_nist.c_bn_nist.c,BN_nist_mod_192,BN_nist_mod_256,0.8450926491393613
ecp_smpl.c_ecp_oct.c,ec_GFp_simple_set_Jprojective_coordinates_GFp,ec_GFp_simple_oct2point,0.8450037541745505
ecp_smpl.c_ec2_oct.c,ec_GFp_simple_group_set_curve,ec_GF2m_simple_point2oct,0.8449019659225385
dsaparam.c_dsaparam.c,dsaparam_main,dsaparam_main,0.8440340336147738
ocsp.c_ocsp.c,add_ocsp_serial,add_ocsp_serial,0.8439938401394557
pkcs7.c_pkcs7.c,pkcs7_main,pkcs7_main,0.8437671211570843
ec2_smpl.c_ecp_oct.c,ec_GF2m_simple_add,ec_GFp_simple_point2oct,0.8434099539588599
p12_kiss.c_p12_kiss.c,PKCS12_parse,PKCS12_parse,0.8432258316906671
s3_srvr.c_statem_srvr.c,ssl3_send_server_hello,tls_construct_server_hello,0.84298287488455
t1_lib.c_t1_lib.c,ssl_add_clienthello_tlsext,ssl_add_clienthello_tlsext,0.8428892691223959
x_name.c_x_name.c,x509_name_ex_d2i,x509_name_ex_d2i,0.8422266098925697
ofb64ede.c_ofb_enc.c,DES_ede3_ofb64_encrypt,DES_ofb_encrypt,0.84181284022042
ede_cbcm_enc.c_cfb64ede.c,DES_ede3_cbcm_encrypt,DES_ede3_cfb64_encrypt,0.8417366246099114
t_pkey.c_t_pkey.c,ASN1_bn_print,ASN1_bn_print,0.841013314548825
rsa_ameth.c_rsa_ameth.c,rsa_item_verify,rsa_pss_to_ctx,0.8397597787999616
bio_ok.c_bio_ok.c,ok_ctrl,ok_ctrl,0.8393620512500695
pk7_doit.c_pk7_doit.c,PKCS7_signatureVerify,PKCS7_signatureVerify,0.8393173262764357
ecp_smpl.c_ec2_oct.c,ec_GFp_simple_set_Jprojective_coordinates_GFp,ec_GF2m_simple_oct2point,0.8392309197835605
gost_ameth.c_dh_ameth.c,pub_encode_gost94,dh_pub_encode,0.8391225086085936
e_aes_cbc_hmac_sha1.c_e_aes_cbc_hmac_sha1.c,aesni_cbc_hmac_sha1_ctrl,aesni_cbc_hmac_sha1_ctrl,0.8384966115396546
bio_ok.c_bio_ok.c,ok_write,ok_ctrl,0.8383586851577719
bio_ok.c_bio_ok.c,ok_read,sig_out,0.8383259191277073
ssl_ciph.c_ssl_ciph.c,ssl_cipher_get_evp,ssl_cipher_get_evp,0.8381244832918977
ecp_smpl.c_ec2_oct.c,ec_GFp_simple_point_get_affine_coordinates,ec_GF2m_simple_oct2point,0.8377544281873395
dhparam.c_dhparam.c,dhparam_main,dhparam_main,0.8376575054191636
bn_nist.c_bn_nist.c,BN_nist_mod_256,BN_nist_mod_192,0.8367364612332602
gcm128.c_gcm128.c,CRYPTO_gcm128_aad,CRYPTO_gcm128_encrypt_ctr32,0.836477550094201
bio_ok.c_bio_ok.c,sig_in,ok_ctrl,0.8357461335066367
cms_sd.c_cms_sd.c,cms_SignerInfo_content_sign,cms_SignerInfo_content_sign,0.8356862950878403
ec.c_sm2.c,ec_main,sm2_main,0.835233218132022
des_enc.c_cfb64enc.c,DES_ncbc_encrypt,DES_cfb64_encrypt,0.8344380157122777
ede_cbcm_enc.c_ofb64enc.c,DES_ede3_cbcm_encrypt,DES_ofb64_encrypt,0.8337961661539726
ssltest.c_ssltest_old.c,main,main,0.8332842773059557
x509_r2x.c_x509_r2x.c,X509_REQ_to_X509,X509_REQ_to_X509,0.8331316416006747
apps.c_apps.c,load_pubkey,load_key,0.8331228288557215
ocsp_ht.c_ocsp_ht.c,OCSP_sendreq_nbio,OCSP_REQ_CTX_nbio,0.8331152587304405
dsa_ossl.c_dsa_ossl.c,dsa_do_sign,dsa_do_sign,0.8328060533692576
ecp_oct.c_ec2_oct.c,ec_GFp_simple_set_compressed_coordinates,ec_GF2m_simple_point2oct,0.8327367746152059
s23_clnt.c_statem.c,ssl23_connect,state_machine,0.8325705502213758
bio_b64.c_bio_b64.c,b64_write,b64_read,0.832401619519068
a_bytes.c_a_int.c,d2i_ASN1_type_bytes,d2i_ASN1_UINTEGER,0.8322314174508014
ecp_smpl.c_ecp_oct.c,ec_GFp_simple_point_get_affine_coordinates,ec_GFp_simple_oct2point,0.8316844141324061
rsa.c_rsa.c,rsa_main,rsa_main,0.8315933678661767
req.c_req.c,req_main,req_main,0.8311239130058301
ca.c_ca.c,certify_cert,certify_cert,0.8310091263977104
ssl_ciph.c_ssl_ciph.c,ssl_create_cipher_list,ssl_create_cipher_list,0.8296532872672895
s_client.c_s_client.c,s_client_main,s_client_main,0.8289135997593399
ecp_smpl.c_ecp_smpl.c,ec_GFp_simple_group_set_curve,ec_GFp_simple_point_get_affine_coordinates,0.8288072711277827
d1_srvr.c_statem_srvr.c,dtls1_send_server_hello,tls_construct_server_hello,0.8281376129589985
gcm128.c_gcm128.c,CRYPTO_gcm128_aad,CRYPTO_gcm128_decrypt_ctr32,0.8279590936001332
pkcs8.c_pkcs8.c,pkcs8_main,pkcs8_main,0.8278382992111692
cms.c_cms.c,cms_main,cms_main,0.8276489708111692
ca.c_ca.c,do_updatedb,get_certificate_status,0.8276355815880178
ecp_oct.c_ecp_oct.c,ec_GFp_simple_set_compressed_coordinates,ec_GFp_simple_point2oct,0.8275391675259047
bio_ok.c_bio_ok.c,ok_read,ok_ctrl,0.8274939827389527
bn_nist.c_bn_nist.c,BN_nist_mod_384,BN_nist_mod_192,0.8264418537741021
pk7_doit.c_pk7_doit.c,PKCS7_dataDecode,PKCS7_dataInit,0.8258149825494983
gcm128.c_gcm128.c,CRYPTO_gcm128_aad,CRYPTO_gcm128_setiv,0.8255813887642668
ofb_enc.c_cfb64ede.c,DES_ofb_encrypt,DES_ede3_cfb64_encrypt,0.8254335854810904
tasn_fre.c_tasn_enc.c,ASN1_primitive_free,asn1_ex_i2c,0.8251816055241259
cfb64enc.c_ofb64ede.c,DES_cfb64_encrypt,DES_ede3_ofb64_encrypt,0.8249353251081986
pk7_doit.c_pk7_doit.c,PKCS7_dataInit,PKCS7_dataDecode,0.8246454103169482
ssl_lib.c_statem_clnt.c,ssl_cipher_list_to_bytes,ssl_cipher_list_to_bytes,0.8246371744839965
p12_crpt.c_p12_crpt.c,PKCS12_PBE_keyivgen,PKCS12_PBE_keyivgen,0.8245967470749267
dsa_ameth.c_dsa_ameth.c,dsa_priv_decode,dsa_priv_decode,0.8243022391332727
cfb64ede.c_des_enc.c,DES_ede3_cfb_encrypt,DES_ede3_cbc_encrypt,0.8242587743584906
ede_cbcm_enc.c_ofb_enc.c,DES_ede3_cbcm_encrypt,DES_ofb_encrypt,0.8242003136202789
ofb_enc.c_ofb64enc.c,DES_ofb_encrypt,DES_ofb64_encrypt,0.8236283024038062
bn_gcd.c_bn_sqrt.c,BN_mod_inverse,BN_mod_sqrt,0.8232782159418426
xcbc_enc.c_cfb64ede.c,DES_xcbc_encrypt,DES_ede3_cfb64_encrypt,0.8232690038449875
apps.c_apps.c,chopup_args,chopup_args,0.823114763771635
dgst.c_dgst.c,do_fp,do_fp,0.8228143143168127
ofb64enc.c_xcbc_enc.c,DES_ofb64_encrypt,DES_xcbc_encrypt,0.8211721190923653
tasn_enc.c_tasn_fre.c,asn1_ex_i2c,asn1_primitive_free,0.8208653087086222
d1_pkt.c_rec_layer_d1.c,dtls1_read_bytes,dtls1_read_bytes,0.8205937251308947
t1_lib.c_t1_lib.c,tls_decrypt_ticket,tls_decrypt_ticket,0.820564466927984
s3_srvr.c_statem_srvr.c,ssl3_send_certificate_request,tls_construct_certificate_request,0.8203629764281734
gcm128.c_gcm128.c,CRYPTO_gcm128_setiv,CRYPTO_gcm128_aad,0.8199892965109892
cfb64enc.c_ofb_enc.c,DES_cfb64_encrypt,DES_ofb_encrypt,0.8199787136801955
x509.c_x509.c,x509_main,x509_main,0.8199664327371436
a_sign.c_a_verify.c,ASN1_sign,ASN1_verify,0.8198496112342704
p12_kiss.c_p12_kiss.c,parse_pk12,parse_pk12,0.8194627189662582
cfb64ede.c_ofb_enc.c,DES_ede3_cfb64_encrypt,DES_ofb_encrypt,0.8180646453247973
cfb64enc.c_xcbc_enc.c,DES_cfb64_encrypt,DES_xcbc_encrypt,0.8176695884204002
t1_enc.c_t1_enc.c,tls1_change_cipher_state,tls1_change_cipher_state,0.8174842838692742
xcbc_enc.c_ofb_enc.c,DES_xcbc_encrypt,DES_ofb_encrypt,0.8172714524508922
rsa_pmeth.c_rsa_pmeth.c,pkey_rsa_sign,pkey_rsa_verify,0.8165493196502498
tasn_enc.c_tasn_dec.c,ASN1_item_ex_i2d,asn1_item_embed_d2i,0.8162013622664416
srp.c_srp.c,srp_main,srp_main,0.8158729805886585
engine.c_engine.c,engine_main,engine_main,0.8157674122051133
gost_ameth.c_ec_ameth.c,pkey_ctrl_gost,ec_pkey_ctrl,0.8151719502496804
bn_exp.c_bntest.c,BN_mod_exp_mont,test_mont,0.8145146968618776
tasn_new.c_tasn_fre.c,ASN1_primitive_new,asn1_primitive_free,0.8137839494819736
e_rc4_hmac_md5.c_e_rc4_hmac_md5.c,rc4_hmac_md5_ctrl,rc4_hmac_md5_cipher,0.8135212136890362
pvkfmt.c_pvkfmt.c,i2b_PVK,do_PVK_body,0.8134886997526558
e_rc4_hmac_md5.c_e_rc4_hmac_md5.c,rc4_hmac_md5_cipher,rc4_hmac_md5_ctrl,0.813012094716543
ssl_txt.c_ssl_txt.c,SSL_SESSION_print,SSL_SESSION_print,0.8121673172485329
d1_srtp.c_d1_srtp.c,ssl_parse_serverhello_use_srtp_ext,ssl_add_clienthello_use_srtp_ext,0.8121410215250386
md_rand.c_md_rand.c,ssleay_rand_add,rand_add,0.8118703207152242
bn_exp2.c_bn_exp.c,BN_mod_exp2_mont,BN_mod_exp_mont_word,0.8117488997153015
ec_mult.c_ec_mult.c,ec_wNAF_mul,ec_wNAF_precompute_mult,0.8114310848714315
xcbc_enc.c_cfb64ede.c,DES_xcbc_encrypt,DES_ede3_cfb_encrypt,0.811403628395462
gcm128.c_gcm128.c,CRYPTO_gcm128_decrypt_ctr32,CRYPTO_gcm128_setiv,0.810271882202794
ofb64enc.c_des_enc.c,DES_ofb64_encrypt,DES_ncbc_encrypt,0.8096143795769581
ofb64enc.c_des_enc.c,DES_ofb64_encrypt,DES_ede3_cbc_encrypt,0.8094661594606687
cbc_enc.c_cfb64enc.c,DES_cbc_encrypt,DES_cfb64_encrypt,0.8094224484407033
p5_crpt2.c_p5_crpt2.c,PKCS5_PBKDF2_HMAC,PKCS5_PBKDF2_HMAC,0.8092800691767108
x509_vfy.c_x509_vfy.c,get_crl_score,crl_akid_check,0.809229514923145
t_crl.c_t_crl.c,X509_CRL_print,X509_CRL_print,0.8092186838988691
cfb64enc.c_des_enc.c,DES_cfb64_encrypt,DES_ncbc_encrypt,0.8089211135579292
ofb_enc.c_xcbc_enc.c,DES_ofb_encrypt,DES_xcbc_encrypt,0.8088983296777272
des_enc.c_cfb64ede.c,DES_ede3_cbc_encrypt,DES_ede3_cfb_encrypt,0.808763723896295
gcm128.c_gcm128.c,CRYPTO_gcm128_encrypt_ctr32,CRYPTO_gcm128_setiv,0.8085163371622114
tasn_dec.c_tasn_dec.c,asn1_template_noexp_d2i,asn1_template_ex_d2i,0.8084831197865903
pk7_doit.c_pk7_doit.c,PKCS7_SIGNER_INFO_sign,PKCS7_SIGNER_INFO_sign,0.8078528772843718
tasn_enc.c_tasn_new.c,ASN1_item_ex_i2d,asn1_item_embed_new,0.8077936034474997
ec_lib.c_ec_lib.c,EC_GROUP_copy,EC_GROUP_copy,0.8075919367038124
rsa_pmeth.c_rsa_pmeth.c,pkey_rsa_verify,pkey_rsa_sign,0.8075523378781982
bio_ok.c_bio_ok.c,ok_ctrl,ok_write,0.8072202288603174
ede_cbcm_enc.c_ofb64ede.c,DES_ede3_cbcm_encrypt,DES_ede3_ofb64_encrypt,0.8071561669320413
bn_nist.c_bn_nist.c,BN_nist_mod_521,BN_nist_mod_192,0.807062886293856
tasn_fre.c_tasn_prn.c,ASN1_primitive_free,asn1_primitive_print,0.8063494975546881
des_enc.c_cfb64ede.c,DES_ncbc_encrypt,DES_ede3_cfb64_encrypt,0.805984523873724
ocsp_lib.c_ocsp_lib.c,OCSP_cert_id_new,OCSP_cert_id_new,0.8059546201527745
apps.c_apps.c,load_key,load_pubkey,0.8057285611127041
ecp_smpl.c_ec2_oct.c,ec_GFp_simple_cmp,ec_GF2m_simple_set_compressed_coordinates,0.8055456660037354
ectest.c_ecdhtest.c,internal_curve_test,main,0.8054563166010273
tasn_dec.c_tasn_new.c,asn1_ex_c2i,asn1_primitive_new,0.8051987812170268
cfb64ede.c_xcbc_enc.c,DES_ede3_cfb_encrypt,DES_xcbc_encrypt,0.8048714015584828
ssltest.c_ssltest_old.c,doit,doit_localhost,0.8047111323348479
tasn_fre.c_tasn_new.c,ASN1_primitive_free,asn1_primitive_new,0.8044323772395082
xcbc_enc.c_ofb64enc.c,DES_xcbc_encrypt,DES_ofb64_encrypt,0.804160321460698
ofb_enc.c_ofb64ede.c,DES_ofb_encrypt,DES_ede3_ofb64_encrypt,0.8036417991380688
p5_crpt.c_p12_crpt.c,PKCS5_PBE_keyivgen,PKCS12_PBE_keyivgen,0.8034693469958234
ec2_smpl.c_ecp_smpl.c,ec_GF2m_simple_add,ec_GFp_simple_add,0.8032931374562248
cfb64ede.c_des_enc.c,DES_ede3_cfb_encrypt,DES_ncbc_encrypt,0.803280810460653
bn_sqrt.c_bn_gcd.c,BN_mod_sqrt,int_bn_mod_inverse,0.8030759152193006
s2_srvr.c_statem.c,ssl2_accept,state_machine,0.8026382242919314
ec2_oct.c_ecp_oct.c,ec_GF2m_simple_point2oct,ec_GFp_simple_set_compressed_coordinates,0.8026362494818013
tasn_new.c_tasn_dec.c,ASN1_primitive_new,asn1_ex_c2i,0.8021232768671163
rsa_depr.c_rsa_depr.c,RSA_generate_key,RSA_generate_key,0.8011275650491188
ca.c_ca.c,get_certificate_status,do_updatedb,0.8008975570515522
bn_exp.c_bntest.c,BN_mod_exp_mont_word,test_mont,0.800827479932174
ocsp_vfy.c_ocsp_vfy.c,ocsp_match_issuerid,ocsp_match_issuerid,0.80059969117019
ec2_oct.c_ecp_smpl.c,ec_GF2m_simple_set_compressed_coordinates,ec_GFp_simple_point_get_affine_coordinates,0.8005484184548072
des_enc.c_cfb64enc.c,DES_ede3_cbc_encrypt,DES_cfb64_encrypt,0.8004582558883675
bio_ok.c_bio_ok.c,ok_ctrl,ok_read,0.8003224351954807
dh_key.c_dh_key.c,generate_key,compute_key,0.8001711527919546
rsautl.c_rsautl.c,rsautl_main,rsautl_main,0.8001132966749503
