file_name,openssl_101f,libressl_3,sim_value,ABCDE,ÊÇ·ñÒ»ÖÂ
v3_sxnet.c_x509_sxnet.c,SXNET_add_id_INTEGER,SXNET_add_id_INTEGER,0.999958005,C,1
rsa_depr.c_rsa_depr.c,RSA_generate_key,RSA_generate_key,0.999872383,B,1
ts_rsp_sign.c_ts_rsp_sign.c,TS_RESP_sign,TS_RESP_sign,0.999864762,C,1
tasn_prn.c_tasn_prn.c,asn1_template_print_ctx,asn1_template_print_ctx,0.999665072,C,1
v3_crld.c_x509_crld.c,v2i_crld,v2i_crld,0.999621391,C,1
cms_env.c_cms_env.c,CMS_RecipientInfo_kekri_get0_id,CMS_RecipientInfo_kekri_get0_id,0.999557853,C,1
v3_prn.c_x509_prn.c,X509V3_extensions_print,X509V3_extensions_print,0.999540595,C,1
pk7_smime.c_pk7_smime.c,pkcs7_copy_existing_digest,pkcs7_copy_existing_digest,0.999517884,C,1
p12_kiss.c_p12_kiss.c,parse_pk12,parse_pk12,0.999481828,A,1
ts_rsp_sign.c_ts_rsp_sign.c,ESS_CERT_ID_new_init,ESS_CERT_ID_new_init,0.999431279,C,1
pcy_cache.c_pcy_cache.c,policy_cache_create,policy_cache_create,0.999335538,A,1
v3_prn.c_x509_prn.c,X509V3_EXT_print,X509V3_EXT_print,0.999160713,B,1
ts.c_ts.c,create_query,create_query,0.999016808,C,1
ts_rsp_verify.c_ts_rsp_verify.c,TS_RESP_verify_signature,TS_RESP_verify_signature,0.998887034,C,1
v3_conf.c_x509_conf.c,v3_generic_extension,v3_generic_extension,0.998773457,D,1
ssl_cert.c_ssl_cert.c,SSL_add_file_cert_subjects_to_stack,SSL_add_file_cert_subjects_to_stack,0.998643315,D,1
v3_conf.c_x509_conf.c,do_ext_nconf,do_ext_nconf,0.998576364,E,1
req.c_req.c,auto_info,auto_info,0.998434377,C,1
bio_asn1.c_bio_asn1.c,asn1_bio_write,asn1_bio_write,0.998408852,E,1
v3_ncons.c_x509_ncons.c,NAME_CONSTRAINTS_check,NAME_CONSTRAINTS_check,0.998334673,A,1
gcm128.c_gcm128.c,CRYPTO_gcm128_aad,CRYPTO_gcm128_aad,0.998227317,A,1
cms_sd.c_cms_sd.c,CMS_set1_signers_certs,CMS_set1_signers_certs,0.998212365,A,1
x_x509.c_x_x509.c,x509_cb,x509_cb,0.998210374,B,1
t_pkey.c_t_pkey.c,ASN1_bn_print,ASN1_bn_print,0.99809319,A,1
p12_crpt.c_p12_crpt.c,PKCS12_PBE_keyivgen,PKCS12_PBE_keyivgen,0.997955767,D,1
v3_skey.c_x509_skey.c,s2i_skey_id,s2i_skey_id,0.99784735,B,1
x_name.c_x_name.c,x509_name_encode,x509_name_encode,0.997772744,C,1
bn_gcd.c_bn_gcd.c,BN_mod_inverse,BN_mod_inverse_internal,0.997692583,C,1
pk7_lib.c_pk7_lib.c,PKCS7_set_type,PKCS7_set_type,0.997640206,C,1
t_spki.c_t_spki.c,NETSCAPE_SPKI_print,NETSCAPE_SPKI_print,0.997636182,A,1
p12_mutl.c_p12_mutl.c,PKCS12_gen_mac,PKCS12_gen_mac,0.997528097,D,1
bss_acpt.c_bss_acpt.c,acpt_ctrl,acpt_ctrl,0.996957068,B,1
ocsp_prn.c_ocsp_prn.c,OCSP_REQUEST_print,OCSP_REQUEST_print,0.99691987,B,1
pk7_smime.c_pk7_smime.c,PKCS7_get0_signers,PKCS7_get0_signers,0.996845575,C,1
v3_purp.c_x509_purp.c,setup_dp,setup_dp,0.996656737,A,1
a_verify.c_a_verify.c,ASN1_item_verify,ASN1_item_verify,0.996624391,D,1
asn_mime.c_asn_mime.c,SMIME_read_ASN1,SMIME_read_ASN1,0.996538942,C,1
eng_table.c_eng_table.c,engine_table_select,engine_table_select,0.996492305,C,1
x509.c_x509.c,x509_certify,x509_certify,0.99648218,D,1
pk7_doit.c_pk7_doit.c,PKCS7_dataVerify,PKCS7_dataVerify,0.996434264,D,1
cms_sd.c_cms_sd.c,cms_sd_set_version,cms_sd_set_version,0.996431717,B,1
x509_vfy.c_x509_vfy.c,get_delta_sk,get_delta_sk,0.996384541,A,1
p12_crt.c_p12_crt.c,PKCS12_create,PKCS12_create,0.996365975,C,1
ca.c_ca.c,unpack_revinfo,unpack_revinfo,0.996358608,B,1
apps.c_apps.c,load_serial,load_serial,0.996210421,D,1
ts_rsp_verify.c_ts_rsp_verify.c,int_TS_RESP_verify_token,int_TS_RESP_verify_token,0.99618684,C,1
x509_att.c_x509_att.c,X509_ATTRIBUTE_set1_data,X509_ATTRIBUTE_set1_data,0.996178863,B,1
cms_lib.c_cms_lib.c,CMS_dataFinal,CMS_dataFinal,0.995965649,C,1
pk7_lib.c_pk7_lib.c,PKCS7_add_signer,PKCS7_add_signer,0.995935765,C,1
p5_crpt.c_p5_crpt.c,PKCS5_PBE_keyivgen,PKCS5_PBE_keyivgen,0.995916216,D,1
pcy_cache.c_pcy_cache.c,policy_cache_new,policy_cache_new,0.995859456,C,1
bn_nist.c_bn_nist.c,BN_nist_mod_521,BN_nist_mod_521,0.995824473,A,1
pkcs12.c_pkcs12.c,dump_certs_keys_p12,dump_certs_keys_p12,0.995775613,A,1
v3_purp.c_x509_purp.c,X509_check_akid,X509_check_akid,0.995491148,A,1
t_x509.c_t_x509.c,X509_print_ex,X509_print_ex,0.995489351,D,1
x_long.c_x_long.c,long_i2c,long_i2c,0.995389906,A,1
p5_crpt2.c_p5_crpt2.c,PKCS5_PBKDF2_HMAC,PKCS5_PBKDF2_HMAC,0.995279215,A,1
x509_lu.c_x509_lu.c,X509_STORE_get1_certs,X509_STORE_get1_certs,0.995257497,B,1
ec_lib.c_ec_lib.c,EC_GROUP_copy,EC_GROUP_copy,0.995156292,B,1
ts_rsp_print.c_ts_rsp_print.c,TS_TST_INFO_print_bio,TS_TST_INFO_print_bio,0.995095798,A,1
eng_table.c_eng_table.c,engine_table_register,engine_table_register,0.994993292,C,1
e_aes_cbc_hmac_sha1.c_e_aes_cbc_hmac_sha1.c,aesni_cbc_hmac_sha1_ctrl,aesni_cbc_hmac_sha1_ctrl,0.994934438,B,1
x509_req.c_x509_req.c,X509_REQ_add_extensions_nid,X509_REQ_add_extensions_nid,0.994911104,C,1
x509_lu.c_x509_lu.c,X509_STORE_get1_crls,X509_STORE_get1_crls,0.994853477,B,1
pcy_map.c_pcy_map.c,policy_cache_set_mapping,policy_cache_set_mapping,0.994817656,A,1
pkcs12.c_pkcs12.c,print_attribs,print_attribs,0.99473745,C,1
t_req.c_t_req.c,X509_REQ_print_ex,X509_REQ_print_ex,0.994694715,C,1
x509.c_x509.c,x509_load_serial,x509_load_serial,0.99458699,C,1
bn_mont.c_bn_mont.c,BN_MONT_CTX_set,BN_MONT_CTX_set,0.994525559,C,1
ca.c_ca.c,certify,certify,0.994524246,A,1
bn_lib.c_bn_lib.c,BN_bin2bn,BN_bin2bn,0.994500886,D,1
pk7_lib.c_pk7_lib.c,PKCS7_SIGNER_INFO_set,PKCS7_SIGNER_INFO_set,0.994419949,C,1
pem_info.c_pem_info.c,PEM_X509_INFO_write_bio,PEM_X509_INFO_write_bio,0.994288659,D,1
t_x509a.c_t_x509a.c,X509_CERT_AUX_print,X509_CERT_AUX_print,0.994115832,A,1
asn_mime.c_asn_mime.c,SMIME_write_ASN1,SMIME_write_ASN1,0.994019459,C,1
pk7_lib.c_pk7_lib.c,PKCS7_RECIP_INFO_set,PKCS7_RECIP_INFO_set,0.993857573,D,1
ocsp_lib.c_ocsp_lib.c,OCSP_cert_id_new,OCSP_cert_id_new,0.993569676,C,1
x_name.c_x_name.c,x509_name_ex_d2i,x509_name_ex_d2i,0.993501612,C,1
ocsp_prn.c_ocsp_prn.c,OCSP_RESPONSE_print,OCSP_RESPONSE_print,0.993278517,A,1
ocsp.c_ocsp.c,print_ocsp_summary,print_ocsp_summary,0.993269577,A,1
ecp_smpl.c_ecp_smpl.c,ec_GFp_simple_is_on_curve,ec_GFp_simple_is_on_curve,0.992934257,B,1
ec2_smpl.c_ec2_smpl.c,ec_GF2m_simple_is_on_curve,ec_GF2m_simple_is_on_curve,0.992800664,B,1
n_pkey.c_n_pkey.c,d2i_RSA_NET_2,d2i_RSA_NET_2,0.992763605,C,1
v3_alt.c_x509_alt.c,copy_email,copy_email,0.992739802,C,1
ecp_smpl.c_ecp_smpl.c,ec_GFp_simple_dbl,ec_GFp_simple_dbl,0.992658651,B,1
cms_pwri.c_cms_pwri.c,kek_unwrap_key,kek_unwrap_key,0.992605445,D,1
ts_rsp_sign.c_ts_rsp_sign.c,TS_RESP_create_tst_info,TS_RESP_create_tst_info,0.992527774,A,1
p12_kiss.c_p12_kiss.c,PKCS12_parse,PKCS12_parse,0.992420128,D,1
x509_req.c_x509_req.c,X509_REQ_get_extensions,X509_REQ_get_extensions,0.992368327,C,1
ecp_smpl.c_ecp_smpl.c,ec_GFp_simple_add,ec_GFp_simple_add,0.992356819,B,1
v3_crld.c_x509_crld.c,set_dist_point_name,set_dist_point_name,0.992281125,D,1
a_sign.c_a_sign.c,ASN1_item_sign_ctx,ASN1_item_sign_ctx,0.992153465,D,1
p12_kiss.c_p12_kiss.c,parse_bag,parse_bag,0.99206856,C,1
tasn_dec.c_tasn_dec.c,asn1_d2i_ex_primitive,asn1_d2i_ex_primitive,0.991985192,D,1
ssl_cert.c_ssl_cert.c,ssl_verify_cert_chain,ssl_verify_cert_chain,0.991553506,E,1
ca.c_ca.c,certify_spkac,certify_spkac,0.991237385,E,1
p5_crpt2.c_p5_crpt2.c,PKCS5_v2_PBE_keyivgen,PKCS5_v2_PBE_keyivgen,0.991113016,C,1
ec_asn1.c_ec_asn1.c,ec_asn1_group2parameters,ec_asn1_group2parameters,0.991073982,D,1
req.c_req.c,add_DN_object,add_DN_object,0.991042584,D,1
v3_cpols.c_x509_cpols.c,r2i_certpol,r2i_certpol,0.991027837,C,1
p5_pbev2.c_p5_pbev2.c,PKCS5_pbkdf2_set,PKCS5_pbkdf2_set,0.990918457,C,1
x509_vfy.c_x509_vfy.c,get_crl_sk,get_crl_sk,0.990908866,A,1
n_pkey.c_n_pkey.c,i2d_RSA_NET,i2d_RSA_NET,0.990797087,D,1
x509.c_x509.c,sign,sign,0.990626267,B,1
ocsp.c_ocsp.c,add_ocsp_serial,add_ocsp_serial,0.990295012,A,1
ec2_mult.c_ec2_mult.c,ec_GF2m_simple_mul,ec_GF2m_simple_mul,0.990256535,B,1
dsa_ameth.c_dsa_ameth.c,dsa_pub_decode,dsa_pub_decode,0.990060088,D,1
ocsp_ht.c_ocsp_ht.c,OCSP_sendreq_nbio,OCSP_sendreq_nbio,0.990002343,C,1
p5_crpt2.c_p5_crpt2.c,PKCS5_v2_PBKDF2_keyivgen,PKCS5_v2_PBKDF2_keyivgen,0.989990687,D,1
x_crl.c_x_crl.c,crl_set_issuers,crl_set_issuers,0.989909175,A,1
rsa_oaep.c_rsa_oaep.c,PKCS1_MGF1,PKCS1_MGF1,0.989818921,A,1
ocsp_srv.c_ocsp_srv.c,OCSP_basic_sign,OCSP_basic_sign,0.98977381,C,1
ec_asn1.c_ec_asn1.c,ec_asn1_group2curve,ec_asn1_group2curve,0.989760603,D,1
dsa_ossl.c_dsa_ossl.c,dsa_do_verify,dsa_do_verify,0.989698508,D,1
n_pkey.c_n_pkey.c,d2i_RSA_NET,d2i_RSA_NET,0.989568246,C,1
rsa_eay.c_rsa_eay.c,RSA_eay_private_encrypt,RSA_eay_private_encrypt,0.989138949,B,1
dh_ameth.c_dh_ameth.c,do_dh_print,do_dh_print,0.989005331,D,1
dgst.c_dgst.c,do_fp,do_fp,0.98897044,A,1
ocsp_srv.c_ocsp_srv.c,OCSP_basic_add1_status,OCSP_basic_add1_status,0.988904739,C,1
gcm128.c_gcm128.c,CRYPTO_gcm128_setiv,CRYPTO_gcm128_setiv,0.98889188,E,1
p5_pbev2.c_p5_pbev2.c,PKCS5_pbe2_set_iv,PKCS5_pbe2_set_iv,0.988744734,D,1
ocsp_vfy.c_ocsp_vfy.c,ocsp_match_issuerid,ocsp_match_issuerid,0.988572563,C,1
x509_vfy.c_x509_vfy.c,crl_akid_check,crl_akid_check,0.988139409,A,1
x_crl.c_x_crl.c,crl_cb,crl_cb,0.9880251,E,1
a_object.c_a_object.c,c2i_ASN1_OBJECT,c2i_ASN1_OBJECT,0.987720049,E,1
bf_buff.c_bf_buff.c,buffer_ctrl,buffer_ctrl,0.987287274,D,1
rsa_eay.c_rsa_eay.c,RSA_eay_private_decrypt,RSA_eay_private_decrypt,0.987143256,D,1
cms_env.c_cms_env.c,CMS_add0_recipient_key,CMS_add0_recipient_key,0.986817841,D,1
p12_add.c_p12_add.c,PKCS12_pack_p7encdata,PKCS12_pack_p7encdata,0.986623513,D,1
pk7_doit.c_pk7_doit.c,PKCS7_dataFinal,PKCS7_dataFinal,0.986576079,B,1
ecp_smpl.c_ecp_smpl.c,ec_GFp_simple_set_Jprojective_coordinates_GFp,ec_GFp_simple_set_Jprojective_coordinates_GFp,0.986497198,B,1
e_des.c_e_des.c,des_cfb1_cipher,des_cfb1_cipher,0.98647245,A,1
ec_asn1.c_ec_asn1.c,i2d_ECPrivateKey,i2d_ECPrivateKey,0.986439143,D,1
ts.c_ts.c,create_verify_ctx,create_verify_ctx,0.98623017,A,1
bn_blind.c_bn_blind.c,BN_BLINDING_create_param,BN_BLINDING_create_param,0.985771126,B,1
p_verify.c_p_verify.c,EVP_VerifyFinal,EVP_VerifyFinal,0.985469648,C,1
ecp_smpl.c_ecp_smpl.c,ec_GFp_simple_cmp,ec_GFp_simple_cmp,0.985366609,B,1
b_dump.c_b_dump.c,BIO_dump_indent_cb,BIO_dump_indent_cb,0.985167015,D,1
v3_ncons.c_x509_ncons.c,v2i_NAME_CONSTRAINTS,v2i_NAME_CONSTRAINTS,0.984925051,B,1
v3_akey.c_x509_akey.c,v2i_AUTHORITY_KEYID,v2i_AUTHORITY_KEYID,0.984921967,C,1
bss_file.c_bss_file.c,file_ctrl,file_ctrl,0.984858466,B,1
bf_ofb64.c_bf_ofb64.c,BF_ofb64_encrypt,BF_ofb64_encrypt,0.984842328,A,1
ca.c_ca.c,do_updatedb,do_updatedb,0.984501974,A,1
c_ofb64.c_c_ofb64.c,CAST_ofb64_encrypt,CAST_ofb64_encrypt,0.984487192,A,1
bn_nist.c_bn_nist.c,BN_nist_mod_192,BN_nist_mod_192,0.984030348,C,1
v3_alt.c_x509_alt.c,v2i_subject_alt,v2i_subject_alt,0.983961408,C,1
asn1pars.c_asn1pars.c,do_generate,do_generate,0.983955212,A,1
ocsp_vfy.c_ocsp_vfy.c,OCSP_request_verify,OCSP_request_verify,0.98380345,D,1
asn1_gen.c_asn1_gen.c,asn1_multi,asn1_multi,0.983760691,B,1
d1_both.c_d1_both.c,dtls1_retrieve_buffered_fragment,dtls1_retrieve_buffered_fragment,0.983585729,C,1
rsa_eay.c_rsa_eay.c,RSA_eay_public_decrypt,RSA_eay_public_decrypt,0.98357843,D,1
bss_bio.c_bss_bio.c,bio_ctrl,bio_ctrl,0.983048035,D,1
ocsp.c_ocsp.c,make_ocsp_response,make_ocsp_response,0.982872981,B,1
req.c_req.c,make_REQ,make_REQ,0.982817163,A,1
bio_ssl.c_bio_ssl.c,ssl_ctrl,ssl_ctrl,0.982343461,A,1
pk7_doit.c_pk7_doit.c,PKCS7_dataInit,PKCS7_dataInit,0.982237393,D,1
bn_exp.c_bn_exp.c,BN_mod_exp_mont_word,BN_mod_exp_mont_word,0.982124733,D,1
eng_cnf.c_eng_cnf.c,int_engine_configure,int_engine_configure,0.982004552,D,1
ec_asn1.c_ec_asn1.c,ec_asn1_group2fieldid,ec_asn1_group2fieldid,0.981907212,C,1
bn_prime.c_bn_prime.c,BN_is_prime_fasttest_ex,BN_is_prime_fasttest_ex,0.981751698,D,1
cms_env.c_cms_env.c,cms_RecipientInfo_kekri_encrypt,cms_RecipientInfo_kekri_encrypt,0.981636379,C,1
x509_lu.c_x509_lu.c,x509_object_idx_cnt,x509_object_idx_cnt,0.981411013,A,1
ca.c_ca.c,get_certificate_status,get_certificate_status,0.98135725,D,1
conf_mod.c_conf_mod.c,module_init,module_init,0.980906004,B,1
v3_info.c_x509_info.c,v2i_AUTHORITY_INFO_ACCESS,v2i_AUTHORITY_INFO_ACCESS,0.98064083,D,1
e_aes.c_e_aes.c,aes_ccm_cipher,aes_ccm_cipher,0.980640494,A,1
v3_cpols.c_x509_cpols.c,notice_section,notice_section,0.980564925,D,1
rsa_pmeth.c_rsa_pmeth.c,pkey_rsa_verifyrecover,pkey_rsa_verifyrecover,0.980457275,C,1
cms_env.c_cms_env.c,cms_RecipientInfo_kekri_decrypt,cms_RecipientInfo_kekri_decrypt,0.980041252,C,1
bio_enc.c_bio_enc.c,enc_ctrl,enc_ctrl,0.979892165,A,1
cms_smime.c_cms_smime.c,CMS_sign_receipt,CMS_sign_receipt,0.9797955,D,1
tasn_dec.c_tasn_dec.c,asn1_template_ex_d2i,asn1_template_ex_d2i,0.979754819,A,1
apps.c_apps.c,args_verify,args_verify,0.979646082,C,1
pcy_tree.c_pcy_tree.c,tree_link_unmatched,tree_link_unmatched,0.979642982,A,1
ts_rsp_verify.c_ts_rsp_verify.c,TS_compute_imprint,TS_compute_imprint,0.979535186,D,1
cms_env.c_cms_env.c,cms_RecipientInfo_ktri_encrypt,cms_RecipientInfo_ktri_encrypt,0.97944863,D,1
by_dir.c_by_dir.c,add_cert_dir,add_cert_dir,0.979281236,D,1
dh_ameth.c_dh_ameth.c,dh_pub_decode,dh_pub_decode,0.979270262,D,1
ec2_smpl.c_ec2_smpl.c,ec_GF2m_simple_add,ec_GF2m_simple_add,0.979229153,B,1
ex_data.c_ex_data.c,int_free_ex_data,int_free_ex_data,0.979192173,B,1
by_file.c_by_file.c,X509_load_cert_crl_file,X509_load_cert_crl_file,0.979181576,C,1
rsa_gen.c_rsa_gen.c,rsa_builtin_keygen,rsa_builtin_keygen,0.979176356,B,1
bn_mont.c_bn_mont.c,BN_mod_mul_montgomery,BN_mod_mul_montgomery,0.97911816,C,1
ocsp_cl.c_ocsp_cl.c,OCSP_request_sign,OCSP_request_sign,0.97893017,C,1
ec2_oct.c_ec2_oct.c,ec_GF2m_simple_set_compressed_coordinates,ec_GF2m_simple_set_compressed_coordinates,0.978754208,B,1
bn_gf2m.c_bn_gf2m.c,BN_GF2m_mod_mul_arr,BN_GF2m_mod_mul_arr,0.978544596,A,1
bio_b64.c_bio_b64.c,b64_read,b64_read,0.978472055,B,1
ts.c_ts.c,verify_command,verify_command,0.978470765,A,1
x_name.c_x_name.c,x509_name_canon,x509_name_canon,0.978292203,E,1
cms_smime.c_cms_smime.c,CMS_decrypt_set1_pkey,CMS_decrypt_set1_pkey,0.978134518,E,1
tasn_enc.c_tasn_enc.c,asn1_template_ex_i2d,asn1_template_ex_i2d,0.97784966,A,1
dh_ameth.c_dh_ameth.c,dh_priv_decode,dh_priv_decode,0.977416983,C,1
apps.c_apps.c,load_cert,load_cert,0.976861925,C,1
rsa_eay.c_rsa_eay.c,RSA_eay_public_encrypt,RSA_eay_public_encrypt,0.976690877,C,1
x509_vfy.c_x509_vfy.c,X509_STORE_CTX_init,X509_STORE_CTX_init,0.976613165,D,1
ecp_oct.c_ecp_oct.c,ec_GFp_simple_set_compressed_coordinates,ec_GFp_simple_set_compressed_coordinates,0.976578966,D,1
v3_alt.c_x509_alt.c,a2i_GENERAL_NAME,a2i_GENERAL_NAME,0.976199235,C,1
evp_enc.c_evp_enc.c,EVP_CipherInit_ex,EVP_CipherInit_ex,0.976141484,D,1
ocsp_ext.c_ocsp_ext.c,OCSP_url_svcloc_new,OCSP_url_svcloc_new,0.976067638,D,1
ec2_mult.c_ec2_mult.c,ec_GF2m_montgomery_point_multiply,ec_GF2m_montgomery_point_multiply,0.976021335,D,1
bio_md.c_bio_md.c,md_ctrl,md_ctrl,0.975504404,A,1
apps.c_apps.c,load_pkcs12,load_pkcs12,0.975372008,B,1
pem_info.c_pem_info.c,PEM_X509_INFO_read_bio,PEM_X509_INFO_read_bio,0.975294795,D,1
ocsp_vfy.c_ocsp_vfy.c,OCSP_basic_verify,OCSP_basic_verify,0.974853376,E,1
cms_ess.c_cms_ess.c,cms_Receipt_verify,cms_Receipt_verify,0.974704135,D,1
pem_pkey.c_pem_pkey.c,PEM_read_bio_PrivateKey,PEM_read_bio_PrivateKey,0.974601392,D,1
ccm128.c_ccm128.c,CRYPTO_ccm128_encrypt_ccm64,CRYPTO_ccm128_encrypt_ccm64,0.974594766,A,1
dsa_ossl.c_dsa_ossl.c,dsa_sign_setup,dsa_sign_setup,0.974457635,E,1
ts.c_ts.c,reply_command,reply_command,0.974283936,C,1
wp_dgst.c_wp_dgst.c,WHIRLPOOL_Final,WHIRLPOOL_Final,0.974139278,A,1
gcm128.c_gcm128.c,CRYPTO_gcm128_encrypt_ctr32,CRYPTO_gcm128_encrypt_ctr32,0.974072343,E,1
tasn_dec.c_tasn_dec.c,asn1_check_tlen,asn1_check_tlen,0.973993422,C,1
s_server.c_s_server.c,cert_status_cb,cert_status_cb,0.973758348,C,1
dh_key.c_dh_key.c,compute_key,compute_key,0.973502183,D,1
ec_key.c_ec_key.c,EC_KEY_check_key,EC_KEY_check_key,0.973496429,D,1
by_dir.c_by_dir.c,get_cert_by_subject,get_cert_by_subject,0.973463985,D,1
pk7_smime.c_pk7_smime.c,PKCS7_verify,PKCS7_verify,0.973448447,D,1
evp_pbe.c_evp_pbe.c,EVP_PBE_CipherInit,EVP_PBE_CipherInit,0.973380211,C,1
v3_pci.c_x509_pci.c,r2i_pci,r2i_pci,0.973332967,D,1
ccm128.c_ccm128.c,CRYPTO_ccm128_decrypt_ccm64,CRYPTO_ccm128_encrypt_ccm64,0.973134175,B,1
rc2ofb64.c_rc2ofb64.c,RC2_ofb64_encrypt,RC2_ofb64_encrypt,0.973123985,A,1
conf_def.c_conf_def.c,def_load_bio,def_load_bio,0.972983025,D,1
a_strex.c_a_strex.c,do_name_ex,do_name_ex,0.972981016,A,1
ecp_smpl.c_ecp_smpl.c,ec_GFp_simple_cmp,ec_GFp_simple_is_on_curve,0.972971261,E,0
dsa_ameth.c_dsa_ameth.c,dsa_sig_print,dsa_sig_print,0.972795891,D,1
cbc128.c_cbc128.c,CRYPTO_cbc128_decrypt,CRYPTO_cbc128_decrypt,0.972747819,A,1
d1_both.c_d1_both.c,dtls1_buffer_message,dtls1_buffer_message,0.972739849,D,1
ccm128.c_ccm128.c,CRYPTO_ccm128_encrypt,CRYPTO_ccm128_encrypt,0.972141439,A,1
ccm128.c_ccm128.c,CRYPTO_ccm128_encrypt_ccm64,CRYPTO_ccm128_decrypt_ccm64,0.972128021,D,1
dsa_gen.c_dsa_gen.c,dsa_builtin_paramgen,dsa_builtin_paramgen,0.972005235,B,1
ccm128.c_ccm128.c,CRYPTO_ccm128_decrypt_ccm64,CRYPTO_ccm128_decrypt_ccm64,0.971826145,B,1
ccm128.c_ccm128.c,CRYPTO_ccm128_decrypt,CRYPTO_ccm128_decrypt,0.971753648,A,1
gcm128.c_gcm128.c,CRYPTO_gcm128_decrypt_ctr32,CRYPTO_gcm128_decrypt_ctr32,0.971444954,E,1
gcm128.c_gcm128.c,CRYPTO_gcm128_encrypt_ctr32,CRYPTO_gcm128_decrypt_ctr32,0.971253873,E,0
ccm128.c_ccm128.c,CRYPTO_ccm128_encrypt,CRYPTO_ccm128_decrypt,0.971224233,A,1
bf_cfb64.c_bf_cfb64.c,BF_cfb64_encrypt,BF_cfb64_encrypt,0.971111389,A,1
ec_asn1.c_ec_asn1.c,ec_asn1_parameters2group,ec_asn1_parameters2group,0.970942635,D,1
gcm128.c_gcm128.c,CRYPTO_gcm128_decrypt_ctr32,CRYPTO_gcm128_encrypt_ctr32,0.97091268,E,0
pk7_doit.c_pk7_doit.c,pkcs7_decrypt_rinfo,pkcs7_decrypt_rinfo,0.970861002,B,1
ec2_oct.c_ec2_oct.c,ec_GF2m_simple_oct2point,ec_GF2m_simple_oct2point,0.97081732,D,1
apps.c_apps.c,load_index,load_index,0.970726121,E,1
p_sign.c_p_sign.c,EVP_SignFinal,EVP_SignFinal,0.970677272,C,1
ecp_oct.c_ecp_oct.c,ec_GFp_simple_oct2point,ec_GFp_simple_oct2point,0.970585928,D,1
a_strex.c_a_strex.c,do_print_ex,do_print_ex,0.970574916,A,1
p12_npas.c_p12_npas.c,newpass_p12,newpass_p12,0.970292236,C,1
ecp_smpl.c_ecp_smpl.c,ec_GFp_simple_is_on_curve,ec_GFp_simple_cmp,0.970094586,E,0
ts_conf.c_ts_conf.c,TS_CONF_set_policies,TS_CONF_set_policies,0.970072976,A,1
pk7_smime.c_pk7_smime.c,PKCS7_decrypt,PKCS7_decrypt,0.969536933,D,1
pem_lib.c_pem_lib.c,PEM_do_header,PEM_do_header,0.969195515,D,1
bss_dgram.c_bss_dgram.c,dgram_ctrl,dgram_ctrl,0.969037999,B,1
ecp_oct.c_ec2_oct.c,ec_GFp_simple_oct2point,ec_GF2m_simple_oct2point,0.968970133,E,0
v3_alt.c_x509_alt.c,do_othername,do_othername,0.968601212,B,1
ex_data.c_ex_data.c,int_dup_ex_data,int_dup_ex_data,0.96858429,B,1
ec2_oct.c_ecp_oct.c,ec_GF2m_simple_oct2point,ec_GFp_simple_oct2point,0.968574475,E,0
cms.c_cms.c,receipt_request_print,receipt_request_print,0.968484255,B,1
d1_pkt.c_ssl_pkt.c,dtls1_dispatch_alert,ssl3_dispatch_alert,0.968420909,E,0
d1_pkt.c_d1_pkt.c,dtls1_dispatch_alert,dtls1_dispatch_alert,0.968314772,A,1
ssl_sess.c_ssl_sess.c,ssl_get_new_session,ssl_get_new_session,0.968093416,C,1
x509_lu.c_x509_lu.c,X509_STORE_get_by_subject,X509_STORE_get_by_subject,0.967486504,A,1
asn1_par.c_asn1_par.c,asn1_parse2,asn1_parse2,0.967479313,E,1
rc2cfb64.c_rc2cfb64.c,RC2_cfb64_encrypt,RC2_cfb64_encrypt,0.967389251,A,1
dh_key.c_dh_key.c,generate_key,generate_key,0.96728256,E,1
tasn_new.c_tasn_new.c,ASN1_primitive_new,ASN1_primitive_new,0.967219091,D,1
ccm128.c_ccm128.c,CRYPTO_ccm128_decrypt,CRYPTO_ccm128_encrypt,0.967011341,E,0
ec2_smpl.c_ecp_smpl.c,ec_GF2m_simple_is_on_curve,ec_GFp_simple_is_on_curve,0.966857728,E,0
ecp_smpl.c_ec2_smpl.c,ec_GFp_simple_is_on_curve,ec_GF2m_simple_is_on_curve,0.966680389,E,0
pem_lib.c_pem_lib.c,PEM_read_bio,PEM_read_bio,0.966633665,C,1
tasn_utl.c_tasn_utl.c,asn1_do_adb,asn1_do_adb,0.966399836,C,1
ecp_smpl.c_ec2_smpl.c,ec_GFp_simple_cmp,ec_GF2m_simple_is_on_curve,0.966327631,E,0
crl2p7.c_crl2p7.c,add_certs_from_file,add_certs_from_file,0.966304037,A,1
ecp_smpl.c_ecp_smpl.c,ec_GFp_simple_points_make_affine,ec_GFp_simple_points_make_affine,0.966222258,D,1
req.c_req.c,prompt_info,prompt_info,0.966127736,D,1
bio_b64.c_bio_b64.c,b64_write,b64_write,0.965871283,A,1
d2i_pr.c_d2i_pr.c,d2i_PrivateKey,d2i_PrivateKey,0.965790379,E,1
ts_rsp_sign.c_ts_rsp_sign.c,TS_RESP_check_request,TS_RESP_check_request,0.965647726,A,1
ec_ameth.c_ec_ameth.c,eckey_priv_decode,eckey_priv_decode,0.965199605,C,1
tasn_enc.c_tasn_enc.c,asn1_set_seq_out,asn1_set_seq_out,0.964878345,C,1
rsa_pmeth.c_rsa_pmeth.c,pkey_rsa_verify,pkey_rsa_verify,0.964725219,D,1
ec_mult.c_ec_mult.c,ec_wNAF_precompute_mult,ec_wNAF_precompute_mult,0.964679503,D,1
ctr128.c_ctr128.c,CRYPTO_ctr128_encrypt_ctr32,CRYPTO_ctr128_encrypt_ctr32,0.964508699,A,1
a_bitstr.c_a_int.c,c2i_ASN1_BIT_STRING,c2i_ASN1_INTEGER,0.963717582,E,0
ca.c_ca.c,do_body,do_body,0.963530461,E,1
hmac.c_hmac.c,HMAC_Init_ex,HMAC_Init_ex,0.963362297,B,1
pk7_doit.c_pk7_doit.c,PKCS7_dataDecode,PKCS7_dataDecode,0.963026068,D,1
wp_dgst.c_wp_dgst.c,WHIRLPOOL_BitUpdate,WHIRLPOOL_BitUpdate,0.962968303,A,1
ex_data.c_ex_data.c,int_new_ex_data,int_new_ex_data,0.962937235,B,1
bio_ndef.c_bio_ndef.c,ndef_suffix,ndef_suffix,0.962797659,C,1
c_cfb64.c_c_cfb64.c,CAST_cfb64_encrypt,CAST_cfb64_encrypt,0.962586849,A,1
bio_ndef.c_bio_ndef.c,BIO_new_NDEF,BIO_new_NDEF,0.962488985,B,1
ec_asn1.c_ec_asn1.c,d2i_ECPrivateKey,d2i_ECPrivateKey,0.962440856,E,1
asn1_gen.c_asn1_gen.c,asn1_str2type,asn1_str2type,0.962160002,D,1
pk7_doit.c_pk7_doit.c,pkcs7_encode_rinfo,pkcs7_encode_rinfo,0.96203286,D,1
openssl.c_openssl.c,do_cmd,do_cmd,0.961905819,A,1
pcy_tree.c_pcy_tree.c,tree_calculate_user_set,tree_calculate_user_set,0.961839683,C,1
bn_exp.c_bn_exp.c,BN_mod_exp_recp,BN_mod_exp_recp,0.961634829,D,1
a_int.c_a_int.c,c2i_ASN1_INTEGER,c2i_ASN1_INTEGER,0.961047943,D,1
bss_conn.c_bss_conn.c,conn_state,conn_state,0.96035584,D,1
tasn_prn.c_tasn_prn.c,asn1_primitive_print,asn1_primitive_print,0.960320302,D,1
pk7_doit.c_pk7_doit.c,PKCS7_signatureVerify,PKCS7_signatureVerify,0.960216938,C,1
bn_kron.c_bn_kron.c,BN_kronecker,BN_kronecker,0.960069328,C,1
rsa_pmeth.c_rsa_pmeth.c,pkey_rsa_sign,pkey_rsa_sign,0.959420509,B,1
ca.c_ca.c,certify_cert,certify_cert,0.959407733,A,1
bio_b64.c_bio_b64.c,b64_ctrl,b64_ctrl,0.958958206,A,1
pmeth_lib.c_pmeth_lib.c,int_ctx_new,int_ctx_new,0.958692796,D,1
a_int.c_a_int.c,d2i_ASN1_UINTEGER,c2i_ASN1_INTEGER,0.958572812,E,0
txt_db.c_txt_db.c,TXT_DB_create_index,TXT_DB_create_index,0.958540553,A,1
ec2_oct.c_ec2_oct.c,ec_GF2m_simple_point2oct,ec_GF2m_simple_point2oct,0.958435756,D,1
ecp_oct.c_ecp_oct.c,ec_GFp_simple_point2oct,ec_GFp_simple_point2oct,0.958001883,D,1
cms_env.c_cms_env.c,cms_RecipientInfo_ktri_decrypt,cms_RecipientInfo_ktri_encrypt,0.9576184,E,0
p_seal.c_p_seal.c,EVP_SealInit,EVP_SealInit,0.957504462,A,1
bn_print.c_bn_print.c,BN_hex2bn,BN_hex2bn,0.957489524,D,1
bn_print.c_bn_print.c,BN_dec2bn,BN_dec2bn,0.957194197,D,1
ts_conf.c_ts_conf.c,TS_CONF_set_digests,TS_CONF_set_digests,0.957100817,A,1
xts128.c_xts128.c,CRYPTO_xts128_encrypt,CRYPTO_xts128_encrypt,0.957076448,E,1
tasn_fre.c_tasn_fre.c,ASN1_primitive_free,ASN1_primitive_free,0.956968965,C,1
s3_clnt.c_ssl_clnt.c,ssl3_check_cert_and_algorithm,ssl3_check_cert_and_algorithm,0.956514943,D,1
v3_purp.c_x509_purp.c,x509v3_cache_extensions,x509v3_cache_extensions,0.956307927,D,1
ec2_oct.c_ecp_oct.c,ec_GF2m_simple_point2oct,ec_GFp_simple_point2oct,0.956233934,E,1
pkcs12.c_pkcs12.c,dump_certs_pkeys_bag,dump_certs_pkeys_bag,0.955865338,C,1
apps.c_apps.c,load_certs_crls,load_certs_crls,0.955775373,B,1
bn_exp.c_bn_exp.c,BN_mod_exp_mont,BN_mod_exp_mont_internal,0.955774925,D,0
txt_db.c_txt_db.c,TXT_DB_read,TXT_DB_read,0.95571305,D,1
cms_env.c_cms_env.c,cms_RecipientInfo_kekri_decrypt,cms_RecipientInfo_kekri_encrypt,0.955671277,E,0
ecp_oct.c_ec2_oct.c,ec_GFp_simple_point2oct,ec_GF2m_simple_point2oct,0.955251623,E,0
tasn_dec.c_tasn_dec.c,asn1_ex_c2i,asn1_ex_c2i,0.954948302,B,1
x509_obj.c_x509_obj.c,X509_NAME_oneline,X509_NAME_oneline,0.954484263,D,1
digest.c_digest.c,EVP_DigestInit_ex,EVP_DigestInit_ex,0.953277059,D,1
bss_conn.c_bss_conn.c,conn_ctrl,conn_ctrl,0.953115845,B,1
ec2_smpl.c_ecp_smpl.c,ec_GF2m_simple_is_on_curve,ec_GFp_simple_cmp,0.952990587,E,0
pem_lib.c_pem_lib.c,PEM_ASN1_write_bio,PEM_ASN1_write_bio,0.952741339,D,1
bn_exp2.c_bn_exp2.c,BN_mod_exp2_mont,BN_mod_exp2_mont,0.95238503,B,1
ecp_smpl.c_ecp_smpl.c,ec_GFp_simple_point_get_affine_coordinates,ec_GFp_simple_point_get_affine_coordinates,0.95207806,D,1
ecp_smpl.c_ecp_smpl.c,ec_GFp_simple_is_on_curve,ec_GFp_simple_dbl,0.951996718,E,0
bn_gf2m.c_bn_gf2m.c,BN_GF2m_mod_inv,BN_GF2m_mod_inv,0.95184099,D,1
e_aes_cbc_hmac_sha1.c_e_aes_cbc_hmac_sha1.c,aesni_cbc_hmac_sha1_cipher,aesni_cbc_hmac_sha1_cipher,0.950643984,D,1
e_rc4_hmac_md5.c_e_rc4_hmac_md5.c,rc4_hmac_md5_ctrl,rc4_hmac_md5_ctrl,0.950451003,A,1
rsa_pmeth.c_rsa_pmeth.c,pkey_rsa_keygen,pkey_rsa_keygen,0.949680574,B,1
ecp_mont.c_ecp_mont.c,ec_GFp_mont_group_set_curve,ec_GFp_mont_group_set_curve,0.949575678,B,1
ecp_smpl.c_ecp_smpl.c,ec_GFp_simple_group_set_curve,ec_GFp_simple_set_Jprojective_coordinates_GFp,0.94957316,E,0
eck_prn.c_eck_prn.c,ECPKParameters_print,ECPKParameters_print,0.9494609,E,1
x509_lu.c_x509_lu.c,X509_STORE_CTX_get1_issuer,X509_STORE_CTX_get1_issuer,0.949448114,E,1
bn_nist.c_bn_nist.c,BN_nist_mod_256,BN_nist_mod_256,0.948494634,C,1
m_sigver.c_m_sigver.c,do_sigver_init,do_sigver_init,0.947968727,B,1
i_cfb64.c_i_cfb64.c,idea_cfb64_encrypt,idea_cfb64_encrypt,0.947519573,A,1
ts_verify_ctx.c_ts_verify_ctx.c,TS_REQ_to_TS_VERIFY_CTX,TS_REQ_to_TS_VERIFY_CTX,0.947119979,C,1
bn_mul.c_bn_mul.c,BN_mul,BN_mul,0.946847461,C,1
s3_cbc.c_s3_cbc.c,ssl3_cbc_digest_record,ssl3_cbc_digest_record,0.946741975,C,1
apps.c_apps.c,chopup_args,chopup_args,0.94638062,B,1
bn_mont.c_bn_mont.c,BN_from_montgomery_word,BN_from_montgomery_word,0.946216495,C,1
bn_nist.c_bn_nist.c,BN_nist_mod_224,BN_nist_mod_224,0.946058571,C,1
cms_enc.c_cms_enc.c,cms_EncryptedContent_init_bio,cms_EncryptedContent_init_bio,0.94592876,D,1
tasn_prn.c_tasn_prn.c,asn1_item_print_ctx,asn1_item_print_ctx,0.945866388,B,1
bn_nist.c_bn_nist.c,BN_nist_mod_384,BN_nist_mod_384,0.945745827,C,1
a_strex.c_a_strex.c,do_buf,do_buf,0.944789686,B,1
ts_rsp_verify.c_ts_rsp_verify.c,TS_check_status_info,TS_check_status_info,0.944575567,C,1
ecp_smpl.c_ecp_smpl.c,ec_GFp_simple_dbl,ec_GFp_simple_is_on_curve,0.944375232,E,0
pem_pk8.c_pem_pk8.c,d2i_PKCS8PrivateKey_bio,d2i_PKCS8PrivateKey_bio,0.943592113,C,1
asn_mime.c_asn_mime.c,mime_parse_hdr,mime_parse_hdr,0.943243581,B,1
conf_api.c_conf_api.c,_CONF_new_section,_CONF_new_section,0.943046319,B,1
rsa_pss.c_rsa_pss.c,RSA_padding_add_PKCS1_PSS_mgf1,RSA_padding_add_PKCS1_PSS_mgf1,0.942272099,B,1
cms_env.c_cms_env.c,cms_EnvelopedData_init_bio,cms_EnvelopedData_init_bio,0.941854182,D,1
v3_alt.c_x509_alt.c,v2i_issuer_alt,v2i_issuer_alt,0.941791911,C,1
pk7_doit.c_pk7_doit.c,PKCS7_SIGNER_INFO_sign,PKCS7_SIGNER_INFO_sign,0.941742948,D,1
i_ofb64.c_i_ofb64.c,idea_ofb64_encrypt,idea_ofb64_encrypt,0.941353931,A,1
ecs_ossl.c_ecs_ossl.c,ecdsa_do_sign,ecdsa_do_sign,0.94113562,D,1
d1_both.c_d1_both.c,dtls1_process_out_of_seq_message,dtls1_process_out_of_seq_message,0.940877714,B,1
ec_ameth.c_ec_ameth.c,do_EC_KEY_print,do_EC_KEY_print,0.940720815,B,1
tasn_dec.c_tasn_dec.c,asn1_template_noexp_d2i,asn1_template_noexp_d2i,0.940498146,C,1
ec2_oct.c_ec2_oct.c,ec_GF2m_simple_oct2point,ec_GF2m_simple_set_compressed_coordinates,0.940224428,E,0
p12_crpt.c_p5_crpt.c,PKCS12_PBE_keyivgen,PKCS5_PBE_keyivgen,0.940065848,E,0
asn_mime.c_asn_mime.c,multi_split,multi_split,0.939880895,D,1
ec_curve.c_ec_curve.c,ec_group_new_from_data,ec_group_new_from_data,0.938894826,B,1
bf_ofb64.c_bf_cfb64.c,BF_ofb64_encrypt,BF_cfb64_encrypt,0.938589773,E,1
cms_sd.c_cms_sd.c,CMS_add1_signer,CMS_add1_signer,0.938438468,D,1
c_ofb64.c_c_cfb64.c,CAST_ofb64_encrypt,CAST_cfb64_encrypt,0.938395855,E,1
qud_cksm.c_qud_cksm.c,DES_quad_cksum,DES_quad_cksum,0.938158577,A,1
ecp_smpl.c_ecp_smpl.c,ec_GFp_simple_is_on_curve,ec_GFp_simple_add,0.937698409,E,0
ts_conf.c_ts_conf.c,TS_CONF_load_certs,TS_CONF_load_certs,0.937503438,B,1
bio_cb.c_bio_cb.c,BIO_debug_callback,BIO_debug_callback,0.937094238,D,1
a_int.c_a_int.c,d2i_ASN1_UINTEGER,d2i_ASN1_UINTEGER,0.937075379,B,1
ecp_smpl.c_ecp_smpl.c,ec_GFp_simple_group_set_curve,ec_GFp_simple_group_set_curve,0.9365782,B,1
ecp_oct.c_ec2_oct.c,ec_GFp_simple_oct2point,ec_GF2m_simple_set_compressed_coordinates,0.936238831,E,0
pcy_tree.c_pcy_tree.c,tree_init,tree_init,0.935961045,D,1
d1_srtp.c_ssl_tlsext.c,ssl_parse_clienthello_use_srtp_ext,tlsext_srtp_server_parse,0.935572856,E,0
p5_crpt.c_p12_crpt.c,PKCS5_PBE_keyivgen,PKCS12_PBE_keyivgen,0.935501869,E,0
rsa_pss.c_rsa_pss.c,RSA_verify_PKCS1_PSS_mgf1,RSA_padding_add_PKCS1_PSS_mgf1,0.934778151,E,0
a_object.c_a_object.c,a2d_ASN1_OBJECT,a2d_ASN1_OBJECT,0.934475255,D,1
rsa_eay.c_rsa_eay.c,RSA_eay_private_encrypt,RSA_eay_private_decrypt,0.93432349,E,0
dsa_ossl.c_dsa_ossl.c,dsa_do_sign,dsa_do_sign,0.933942286,E,1
bn_nist.c_bn_nist.c,BN_nist_mod_256,BN_nist_mod_384,0.933633368,E,0
ca.c_ca.c,do_revoke,do_revoke,0.933335695,D,1
obj_dat.c_obj_dat.c,OBJ_obj2txt,OBJ_obj2txt,0.932972318,E,1
cms_env.c_cms_env.c,cms_RecipientInfo_kekri_encrypt,cms_RecipientInfo_kekri_decrypt,0.932711177,E,0
x509_r2x.c_x509_r2x.c,X509_REQ_to_X509,X509_REQ_to_X509,0.932655839,C,1
ui_lib.c_ui_lib.c,UI_set_result,UI_set_result,0.932097868,E,1
v3_alt.c_x509_alt.c,i2v_GENERAL_NAME,i2v_GENERAL_NAME,0.931931839,E,1
rc2cfb64.c_rc2ofb64.c,RC2_cfb64_encrypt,RC2_ofb64_encrypt,0.931646186,E,0
bn_exp.c_bn_exp.c,BN_mod_exp_mont_consttime,BN_mod_exp_mont_consttime,0.931274682,D,0
bn_div.c_bn_div.c,BN_div,BN_div_internal,0.929156598,E,0
ecp_smpl.c_ecp_smpl.c,ec_GFp_simple_add,ec_GFp_simple_is_on_curve,0.928912849,E,0
cfb_enc.c_cfb_enc.c,DES_cfb_encrypt,DES_cfb_encrypt,0.92847185,A,1
a_bitstr.c_a_int.c,c2i_ASN1_BIT_STRING,d2i_ASN1_UINTEGER,0.928305999,E,0
rsa_eay.c_rsa_eay.c,RSA_eay_private_decrypt,RSA_eay_private_encrypt,0.928083147,E,0
ecp_smpl.c_ecp_smpl.c,ec_GFp_simple_cmp,ec_GFp_simple_add,0.928030488,E,0
a_bitstr.c_a_bitstr.c,c2i_ASN1_BIT_STRING,c2i_ASN1_BIT_STRING,0.927667095,D,1
t_crl.c_t_crl.c,X509_CRL_print,X509_CRL_print,0.926807228,D,1
ecp_smpl.c_ecp_smpl.c,ec_GFp_simple_add,ec_GFp_simple_cmp,0.926405231,E,0
des_enc.c_des_enc.c,DES_ede3_cbc_encrypt,DES_ede3_cbc_encrypt,0.926186961,A,1
pem_pk8.c_pem_pk8.c,do_pk8pkey,do_pk8pkey,0.925628889,C,1
rc2ofb64.c_rc2cfb64.c,RC2_ofb64_encrypt,RC2_cfb64_encrypt,0.924771064,E,0
a_int.c_a_int.c,c2i_ASN1_INTEGER,d2i_ASN1_UINTEGER,0.924738813,E,0
ecs_ossl.c_ecs_ossl.c,ecdsa_sign_setup,ecdsa_sign_setup,0.924569425,E,1
bf_cfb64.c_bf_ofb64.c,BF_cfb64_encrypt,BF_ofb64_encrypt,0.923926615,A,1
apps.c_apps.c,parse_name,parse_name,0.923915368,D,1
apps.c_apps.c,app_get_pass,app_get_pass,0.922864865,E,1
ssl_ciph.c_ssl_ciph.c,ssl_create_cipher_list,ssl_create_cipher_list,0.92264294,E,1
ssl_lib.c_ssl_lib.c,SSL_dup,SSL_dup,0.922445122,D,1
a_d2i_fp.c_a_d2i_fp.c,asn1_d2i_read_bio,asn1_d2i_read_bio,0.921756257,D,1
cbc_enc.c_cbc_enc.c,DES_cbc_encrypt,DES_cbc_encrypt,0.921376641,A,1
ofb64ede.c_ofb64ede.c,DES_ede3_ofb64_encrypt,DES_ede3_ofb64_encrypt,0.921301908,A,1
d1_both.c_d1_both.c,dtls1_get_message_fragment,dtls1_get_message_fragment,0.921265391,D,1
ecp_smpl.c_ecp_smpl.c,ec_GFp_simple_dbl,ec_GFp_simple_add,0.92062251,E,0
v3_pmaps.c_x509_pmaps.c,v2i_POLICY_MAPPINGS,v2i_POLICY_MAPPINGS,0.920517261,B,1
a_mbstr.c_a_mbstr.c,ASN1_mbstring_ncopy,ASN1_mbstring_ncopy,0.92026619,D,1
ecp_oct.c_ecp_smpl.c,ec_GFp_simple_set_compressed_coordinates,ec_GFp_simple_point_get_affine_coordinates,0.920158989,E,0
bn_gf2m.c_bn_gf2m.c,BN_GF2m_mod_sqr_arr,BN_GF2m_mod_sqr_arr,0.919834629,A,1
ec2_oct.c_ec2_oct.c,ec_GF2m_simple_oct2point,ec_GF2m_simple_point2oct,0.919556295,E,0
ec_mult.c_ec_mult.c,ec_wNAF_mul,ec_wNAF_mul,0.91954611,D,1
ecp_smpl.c_ecp_smpl.c,ec_GFp_simple_add,ec_GFp_simple_dbl,0.919040497,E,0
ecp_oct.c_ecp_oct.c,ec_GFp_simple_oct2point,ec_GFp_simple_point2oct,0.918867918,E,0
apps.c_apps.c,password_callback,password_callback,0.918635885,C,1
ecp_oct.c_ec2_oct.c,ec_GFp_simple_oct2point,ec_GF2m_simple_point2oct,0.917982718,E,0
ofb64enc.c_ofb64enc.c,DES_ofb64_encrypt,DES_ofb64_encrypt,0.917766994,A,1
cms_pwri.c_cms_pwri.c,CMS_add0_recipient_password,CMS_add0_recipient_password,0.917097831,D,1
rsa_pss.c_rsa_pss.c,RSA_verify_PKCS1_PSS_mgf1,RSA_verify_PKCS1_PSS_mgf1,0.917009366,D,1
ecp_smpl.c_ecp_smpl.c,ec_GFp_simple_cmp,ec_GFp_simple_dbl,0.916996112,E,0
pem_seal.c_pem_seal.c,PEM_SealInit,PEM_SealInit,0.916903217,D,1
ec2_oct.c_ecp_oct.c,ec_GF2m_simple_oct2point,ec_GFp_simple_point2oct,0.916262993,E,0
bn_exp.c_bn_exp2.c,BN_mod_exp_mont,BN_mod_exp2_mont,0.916228391,E,0
ocsp.c_ocsp.c,process_responder,process_responder,0.916100507,B,1
asn1_gen.c_asn1_gen.c,ASN1_generate_v3,ASN1_generate_v3,0.915870401,B,1
v3_info.c_x509_info.c,i2v_AUTHORITY_INFO_ACCESS,i2v_AUTHORITY_INFO_ACCESS,0.915802482,E,1
s23_clnt.c_ssl_pkt.c,ssl23_connect,ssl3_dispatch_alert,0.915736022,E,0
ecp_smpl.c_ecp_smpl.c,ec_GFp_simple_dbl,ec_GFp_simple_cmp,0.915574994,E,0
ca.c_ca.c,certify,certify_cert,0.91542055,E,0
pvkfmt.c_pvkfmt.c,i2b_PVK,i2b_PVK,0.91418019,E,1
cms_env.c_cms_env.c,cms_RecipientInfo_ktri_decrypt,cms_RecipientInfo_ktri_decrypt,0.913852819,E,1
bn_sqrt.c_bn_sqrt.c,BN_mod_sqrt,BN_mod_sqrt,0.913700161,D,1
cms_smime.c_cms_smime.c,CMS_verify,CMS_verify,0.913503715,E,1
d1_both.c_d1_both.c,dtls1_get_message,dtls1_get_message,0.913160505,D,1
v3_alt.c_x509_alt.c,v2i_issuer_alt,v2i_subject_alt,0.912543685,E,0
s_cb.c_s_cb.c,msg_cb,msg_cb,0.912344103,D,1
ca.c_ca.c,certify_cert,certify,0.912253417,E,0
tasn_enc.c_tasn_enc.c,asn1_ex_i2c,asn1_ex_i2c,0.912169752,D,1
pk7_doit.c_pk7_doit.c,pkcs7_decrypt_rinfo,pkcs7_encode_rinfo,0.912134103,E,0
ecp_oct.c_ec2_oct.c,ec_GFp_simple_set_compressed_coordinates,ec_GF2m_simple_set_compressed_coordinates,0.911725731,E,0
s23_clnt.c_d1_pkt.c,ssl23_connect,dtls1_dispatch_alert,0.911720288,E,0
ec2_smpl.c_ec2_oct.c,ec_GF2m_simple_add,ec_GF2m_simple_set_compressed_coordinates,0.911638227,E,0
ech_ossl.c_ech_key.c,ecdh_compute_key,ecdh_compute_key,0.911387786,B,1
cms_sd.c_cms_sd.c,cms_SignerInfo_content_sign,cms_SignerInfo_content_sign,0.91052823,D,1
ec2_oct.c_ec2_smpl.c,ec_GF2m_simple_oct2point,ec_GF2m_simple_add,0.910480568,E,0
ecp_smpl.c_ec2_oct.c,ec_GFp_simple_group_set_curve,ec_GF2m_simple_set_compressed_coordinates,0.910431196,E,0
tasn_enc.c_tasn_enc.c,ASN1_item_ex_i2d,ASN1_item_ex_i2d,0.910416341,E,1
d1_srtp.c_ssl_tlsext.c,ssl_parse_serverhello_use_srtp_ext,tlsext_srtp_client_parse,0.910146006,E,0
ec2_oct.c_ec2_oct.c,ec_GF2m_simple_set_compressed_coordinates,ec_GF2m_simple_oct2point,0.909744759,E,0
conf_def.c_conf_def.c,str_copy,str_copy,0.90936415,E,1
v3_cpols.c_x509_cpols.c,policy_section,policy_section,0.908694265,C,1
pcy_node.c_pcy_node.c,level_add_node,level_add_node,0.908598345,D,1
ofb64enc.c_ofb64ede.c,DES_ofb64_encrypt,DES_ede3_ofb64_encrypt,0.908417417,E,0
ecp_smpl.c_ecp_oct.c,ec_GFp_simple_point_get_affine_coordinates,ec_GFp_simple_set_compressed_coordinates,0.908317373,E,0
passwd.c_passwd.c,do_passwd,do_passwd,0.908250764,D,1
bn_nist.c_bn_nist.c,BN_nist_mod_384,BN_nist_mod_256,0.907777658,E,0
ecp_oct.c_ecp_smpl.c,ec_GFp_simple_set_compressed_coordinates,ec_GFp_simple_set_Jprojective_coordinates_GFp,0.907410626,E,0
enc_writ.c_enc_writ.c,DES_enc_write,DES_enc_write,0.907132335,A,1
cfb64enc.c_cfb64enc.c,DES_cfb64_encrypt,DES_cfb64_encrypt,0.906620422,A,1
c_cfb64.c_c_ofb64.c,CAST_cfb64_encrypt,CAST_ofb64_encrypt,0.905865932,A,1
ec2_oct.c_ecp_oct.c,ec_GF2m_simple_set_compressed_coordinates,ec_GFp_simple_oct2point,0.905693648,E,0
s3_clnt.c_ssl_clnt.c,ssl3_get_server_certificate,ssl3_get_server_certificate,0.905631014,E,1
ofb_enc.c_ofb_enc.c,DES_ofb_encrypt,DES_ofb_encrypt,0.904980089,A,1
ofb64ede.c_ofb64enc.c,DES_ede3_ofb64_encrypt,DES_ofb64_encrypt,0.904757837,E,0
s_server.c_s_server.c,init_ssl_connection,init_ssl_connection,0.904192087,A,1
rsa_pss.c_rsa_pss.c,RSA_padding_add_PKCS1_PSS_mgf1,RSA_verify_PKCS1_PSS_mgf1,0.904108274,E,0
cms_pwri.c_cms_pwri.c,cms_RecipientInfo_pwri_crypt,cms_RecipientInfo_pwri_crypt,0.903521827,D,1
ede_cbcm_enc.c_ede_cbcm_enc.c,DES_ede3_cbcm_encrypt,DES_ede3_cbcm_encrypt,0.90350654,A,1
ecp_smpl.c_ecp_smpl.c,ec_GFp_simple_point_get_affine_coordinates,ec_GFp_simple_set_Jprojective_coordinates_GFp,0.902880501,E,0
des_enc.c_cbc_enc.c,DES_ncbc_encrypt,DES_cbc_encrypt,0.90276646,A,1
ec2_oct.c_ec2_smpl.c,ec_GF2m_simple_set_compressed_coordinates,ec_GF2m_simple_add,0.902080107,E,0
s23_clnt.c_d1_pkt.c,ssl23_get_server_hello,dtls1_dispatch_alert,0.901959123,E,0
s23_clnt.c_ssl_pkt.c,ssl23_get_server_hello,ssl3_dispatch_alert,0.901926045,E,0
tasn_dec.c_tasn_dec.c,ASN1_item_ex_d2i,asn1_item_ex_d2i,0.901755104,E,0
cbc_enc.c_des_enc.c,DES_cbc_encrypt,DES_ncbc_encrypt,0.901314404,A,1
d1_both.c_d1_both.c,dtls1_reassemble_fragment,dtls1_reassemble_fragment,0.901081285,D,1
des_enc.c_des_enc.c,DES_ncbc_encrypt,DES_ncbc_encrypt,0.900639723,A,1
ecp_oct.c_ec2_smpl.c,ec_GFp_simple_oct2point,ec_GF2m_simple_add,0.900507968,E,0
ecs_ossl.c_ecs_ossl.c,ecdsa_do_verify,ecdsa_do_verify,0.900246588,E,1
gost_pmeth.c_gost89imit_pmeth.c,pkey_gost_mac_ctrl,pkey_gost_mac_ctrl,0.898661726,D,1
verify.c_verify.c,check,check,0.898405965,E,1
cms_sd.c_cms_sd.c,CMS_SignerInfo_sign,CMS_SignerInfo_sign,0.897195811,D,1
ec2_oct.c_ec2_oct.c,ec_GF2m_simple_set_compressed_coordinates,ec_GF2m_simple_point2oct,0.896612251,E,0
bn_exp2.c_bn_exp.c,BN_mod_exp2_mont,BN_mod_exp_mont_internal,0.895740611,E,0
ec2_smpl.c_ecp_smpl.c,ec_GF2m_simple_is_on_curve,ec_GFp_simple_dbl,0.895584774,E,0
ecp_smpl.c_ecp_smpl.c,ec_GFp_simple_set_Jprojective_coordinates_GFp,ec_GFp_simple_group_set_curve,0.895304247,E,0
gcm128.c_gcm128.c,CRYPTO_gcm128_aad,CRYPTO_gcm128_encrypt_ctr32,0.89501745,E,0
xcbc_enc.c_xcbc_enc.c,DES_xcbc_encrypt,DES_xcbc_encrypt,0.894616728,A,1
txt_db.c_txt_db.c,TXT_DB_free,TXT_DB_free,0.894290777,D,1
speed.c_speed.c,do_multi,do_multi,0.893781213,E,1
set_key.c_set_key.c,DES_set_key_unchecked,DES_set_key_unchecked,0.891538745,A,1
ec2_oct.c_ecp_oct.c,ec_GF2m_simple_set_compressed_coordinates,ec_GFp_simple_point2oct,0.89147412,E,0
p12_key.c_p12_key.c,PKCS12_key_gen_uni,PKCS12_key_gen_uni,0.891460606,C,1
e_aes.c_e_aes.c,aes_gcm_ctrl,aes_gcm_ctrl,0.891232943,D,1
ofb_enc.c_cfb_enc.c,DES_ofb_encrypt,DES_cfb_encrypt,0.891197475,E,0
ec2_smpl.c_ec2_oct.c,ec_GF2m_simple_add,ec_GF2m_simple_oct2point,0.891105516,E,0
ts_conf.c_ocspcheck.c,TS_CONF_load_certs,read_fullchain,0.89107885,E,0
cfb64ede.c_cfb64ede.c,DES_ede3_cfb64_encrypt,DES_ede3_cfb64_encrypt,0.890514862,A,1
txt_db.c_txt_db.c,TXT_DB_write,TXT_DB_write,0.890440794,A,1
bn_nist.c_bn_nist.c,BN_nist_mod_224,BN_nist_mod_384,0.889836518,E,0
ecp_smpl.c_ec2_smpl.c,ec_GFp_simple_dbl,ec_GF2m_simple_is_on_curve,0.888906003,E,0
xcbc_enc.c_des_enc.c,DES_xcbc_encrypt,DES_ncbc_encrypt,0.888631485,E,0
ts_rsp_sign.c_ts_rsp_sign.c,TS_RESP_set_genTime_with_precision,TS_RESP_set_genTime_with_precision,0.88737968,E,1
s_cb.c_s_cb.c,generate_cookie_callback,generate_cookie_callback,0.886788998,B,1
cfb64enc.c_cfb64ede.c,DES_cfb64_encrypt,DES_ede3_cfb64_encrypt,0.886759282,E,0
ec2_oct.c_ecp_smpl.c,ec_GF2m_simple_set_compressed_coordinates,ec_GFp_simple_set_Jprojective_coordinates_GFp,0.886739759,E,0
s_server.c_s_server.c,www_body,www_body,0.886428325,D,1
gcm128.c_gcm128.c,CRYPTO_gcm128_aad,CRYPTO_gcm128_decrypt_ctr32,0.885966366,E,0
ccm128.c_ccm128.c,CRYPTO_ccm128_decrypt,CRYPTO_ccm128_decrypt_ccm64,0.885184504,E,0
d1_srtp.c_ssl_tlsext.c,ssl_add_clienthello_use_srtp_ext,tlsext_srtp_server_parse,0.885086696,E,0
bn_exp.c_bn_exp.c,BN_mod_exp_mont,BN_mod_exp_mont_word,0.885058794,E,0
ec2_oct.c_ecp_oct.c,ec_GF2m_simple_set_compressed_coordinates,ec_GFp_simple_set_compressed_coordinates,0.885056798,E,0
ede_cbcm_enc.c_des_enc.c,DES_ede3_cbcm_encrypt,DES_ncbc_encrypt,0.885053963,E,0
rsa_pmeth.c_rsa_pmeth.c,pkey_rsa_ctrl,pkey_rsa_ctrl,0.885028042,D,1
xcbc_enc.c_cbc_enc.c,DES_xcbc_encrypt,DES_cbc_encrypt,0.884964345,E,0
ecp_smpl.c_ecp_oct.c,ec_GFp_simple_group_set_curve,ec_GFp_simple_set_compressed_coordinates,0.884301238,E,0
ec2_smpl.c_ecp_smpl.c,ec_GF2m_simple_is_on_curve,ec_GFp_simple_add,0.883352316,E,0
ccm128.c_ccm128.c,CRYPTO_ccm128_decrypt,CRYPTO_ccm128_encrypt_ccm64,0.882967458,E,0
ecp_smpl.c_ecp_oct.c,ec_GFp_simple_group_set_curve,ec_GFp_simple_oct2point,0.882780076,E,0
s_cb.c_s_cb.c,verify_cookie_callback,verify_cookie_callback,0.881880877,C,1
bn_nist.c_bn_nist.c,BN_nist_mod_224,BN_nist_mod_256,0.881796924,E,1
ec2_smpl.c_ecp_oct.c,ec_GF2m_simple_add,ec_GFp_simple_oct2point,0.881275175,E,0
s_cb.c_s_cb.c,verify_cookie_callback,generate_cookie_callback,0.880842973,D,0
ecp_smpl.c_ec2_oct.c,ec_GFp_simple_group_set_curve,ec_GF2m_simple_oct2point,0.880380048,E,0
pk7_doit.c_pk7_doit.c,pkcs7_encode_rinfo,pkcs7_decrypt_rinfo,0.879848251,E,0
ssl_ciph.c_ssl_ciph.c,ssl_cipher_process_rulestr,ssl_cipher_process_rulestr,0.879432669,B,1
d1_srtp.c_ssl_tlsext.c,ssl_parse_serverhello_use_srtp_ext,tlsext_srtp_server_parse,0.879257781,E,0
a_bytes.c_a_bitstr.c,d2i_ASN1_bytes,c2i_ASN1_BIT_STRING,0.878997657,E,0
apps.c_apps.c,save_serial,save_serial,0.877698094,E,1
ec_mult.c_ec_mult.c,compute_wNAF,compute_wNAF,0.877589895,C,1
req.c_req.c,add_attribute_object,add_attribute_object,0.877576008,C,1
ede_cbcm_enc.c_cbc_enc.c,DES_ede3_cbcm_encrypt,DES_cbc_encrypt,0.877170486,E,0
ecp_smpl.c_ec2_oct.c,ec_GFp_simple_set_Jprojective_coordinates_GFp,ec_GF2m_simple_set_compressed_coordinates,0.876997477,E,0
s_cb.c_s_cb.c,generate_cookie_callback,verify_cookie_callback,0.876712266,E,0
ecp_smpl.c_ecp_oct.c,ec_GFp_simple_group_set_curve,ec_GFp_simple_point2oct,0.876702734,E,0
i_cfb64.c_i_ofb64.c,idea_cfb64_encrypt,idea_ofb64_encrypt,0.876568068,E,0
ccm128.c_ccm128.c,CRYPTO_ccm128_encrypt,CRYPTO_ccm128_decrypt_ccm64,0.876556645,E,0
gcm128.c_gcm128.c,CRYPTO_gcm128_encrypt_ctr32,CRYPTO_gcm128_aad,0.876395607,E,0
bio_b64.c_bio_b64.c,b64_read,b64_write,0.87603228,E,0
cms_env.c_cms_env.c,cms_RecipientInfo_ktri_encrypt,cms_RecipientInfo_ktri_decrypt,0.87588619,E,0
ecp_smpl.c_ec2_smpl.c,ec_GFp_simple_add,ec_GF2m_simple_is_on_curve,0.875585814,E,0
ecp_smpl.c_ec2_oct.c,ec_GFp_simple_group_set_curve,ec_GF2m_simple_point2oct,0.875269268,E,0
ecp_oct.c_ecp_smpl.c,ec_GFp_simple_oct2point,ec_GFp_simple_set_Jprojective_coordinates_GFp,0.874726862,E,0
pkcs12.c_p12_kiss.c,dump_certs_keys_p12,parse_pk12,0.874703051,E,0
ccm128.c_ccm128.c,CRYPTO_ccm128_encrypt,CRYPTO_ccm128_encrypt_ccm64,0.874653529,D,1
bn_exp.c_bn_exp.c,BN_mod_exp_mont_word,BN_mod_exp_mont_internal,0.874292551,E,0
v3_alt.c_x509_alt.c,v2i_subject_alt,v2i_issuer_alt,0.874059775,E,0
gcm128.c_gcm128.c,CRYPTO_gcm128_aad,CRYPTO_gcm128_setiv,0.873602795,E,0
p12_kiss.c_pkcs12.c,parse_pk12,dump_certs_keys_p12,0.873375495,E,0
ec2_smpl.c_ec2_oct.c,ec_GF2m_simple_add,ec_GF2m_simple_point2oct,0.87269162,E,0
ec2_oct.c_ecp_oct.c,ec_GF2m_simple_oct2point,ec_GFp_simple_set_compressed_coordinates,0.872578659,E,0
ecp_smpl.c_ecp_smpl.c,ec_GFp_simple_group_set_curve,ec_GFp_simple_point_get_affine_coordinates,0.871950713,E,0
des_enc.c_ede_cbcm_enc.c,DES_ncbc_encrypt,DES_ede3_cbcm_encrypt,0.871724013,E,0
ecp_smpl.c_ecp_oct.c,ec_GFp_simple_set_Jprojective_coordinates_GFp,ec_GFp_simple_set_compressed_coordinates,0.87142413,E,0
ecp_oct.c_ecp_smpl.c,ec_GFp_simple_oct2point,ec_GFp_simple_group_set_curve,0.871362303,E,0
ccm128.c_ccm128.c,CRYPTO_ccm128_decrypt_ccm64,CRYPTO_ccm128_decrypt,0.87124959,E,0
ecp_oct.c_ec2_oct.c,ec_GFp_simple_set_compressed_coordinates,ec_GF2m_simple_oct2point,0.87073832,E,0
ec2_oct.c_ecp_smpl.c,ec_GF2m_simple_oct2point,ec_GFp_simple_set_Jprojective_coordinates_GFp,0.870462816,E,0
ecs_ossl.c_gostr341001.c,ecdsa_do_verify,gost2001_do_verify,0.870356173,E,0
ec2_oct.c_ecp_smpl.c,ec_GF2m_simple_set_compressed_coordinates,ec_GFp_simple_group_set_curve,0.870265124,E,0
ecp_oct.c_ecp_smpl.c,ec_GFp_simple_set_compressed_coordinates,ec_GFp_simple_group_set_curve,0.870028228,E,0
x509_vfy.c_x509_vfy.c,X509_verify_cert,X509_verify_cert_legacy_build_chain,0.869951887,E,0
cfb64ede.c_cfb64enc.c,DES_ede3_cfb64_encrypt,DES_cfb64_encrypt,0.869746745,E,0
e_rc4_hmac_md5.c_e_rc4_hmac_md5.c,rc4_hmac_md5_cipher,rc4_hmac_md5_ctrl,0.869029484,E,0
s3_enc.c_rsa_oaep.c,ssl3_generate_key_block,PKCS1_MGF1,0.868935488,E,0
ec2_oct.c_ec2_oct.c,ec_GF2m_simple_point2oct,ec_GF2m_simple_set_compressed_coordinates,0.868847832,E,0
i_ofb64.c_i_cfb64.c,idea_ofb64_encrypt,idea_cfb64_encrypt,0.868847066,E,0
ecp_oct.c_ec2_smpl.c,ec_GFp_simple_set_compressed_coordinates,ec_GF2m_simple_add,0.868811002,E,0
ecp_oct.c_ecp_oct.c,ec_GFp_simple_oct2point,ec_GFp_simple_set_compressed_coordinates,0.868808436,E,0
bn_print.c_bn_print.c,BN_hex2bn,BN_dec2bn,0.868782893,E,0
v3_pci.c_x509_pci.c,process_pci_value,process_pci_value,0.868731005,B,1
ec2_oct.c_ecp_smpl.c,ec_GF2m_simple_oct2point,ec_GFp_simple_group_set_curve,0.868702796,E,0
ccm128.c_ccm128.c,CRYPTO_ccm128_encrypt_ccm64,CRYPTO_ccm128_decrypt,0.868289791,E,0
ex_data.c_ex_data.c,int_new_ex_data,int_dup_ex_data,0.867964432,E,0
gcm128.c_gcm128.c,CRYPTO_gcm128_decrypt_ctr32,CRYPTO_gcm128_aad,0.867840129,E,0
gcm128.c_gcm128.c,CRYPTO_gcm128_setiv,CRYPTO_gcm128_aad,0.867719885,E,0
ecp_smpl.c_ec2_oct.c,ec_GFp_simple_point_get_affine_coordinates,ec_GF2m_simple_set_compressed_coordinates,0.867437307,E,0
cfb64ede.c_ofb64ede.c,DES_ede3_cfb64_encrypt,DES_ede3_ofb64_encrypt,0.86688563,E,0
ecp_oct.c_ecp_oct.c,ec_GFp_simple_set_compressed_coordinates,ec_GFp_simple_oct2point,0.866675664,E,0
s3_clnt.c_ssl_clnt.c,ssl3_get_certificate_request,ssl3_get_certificate_request,0.866544323,E,1
ecp_smpl.c_ecp_smpl.c,ec_GFp_simple_set_Jprojective_coordinates_GFp,ec_GFp_simple_point_get_affine_coordinates,0.866471206,E,0
tasn_new.c_tasn_new.c,asn1_item_ex_combine_new,asn1_item_ex_combine_new,0.866156148,E,1
des_enc.c_cbc_enc.c,DES_ede3_cbc_encrypt,DES_cbc_encrypt,0.865934644,E,0
ssl_cert.c_ssl_cert.c,ssl_cert_dup,ssl_cert_dup,0.865428114,D,1
des_enc.c_xcbc_enc.c,DES_ncbc_encrypt,DES_xcbc_encrypt,0.865417672,E,0
ec_key.c_ec_key.c,EC_KEY_copy,EC_KEY_copy,0.865194843,B,1
pvkfmt.c_pvkfmt.c,do_PVK_body,do_PVK_body,0.864711612,D,1
des_enc.c_des_enc.c,DES_ede3_cbc_encrypt,DES_ncbc_encrypt,0.864090451,E,0
xcbc_enc.c_ede_cbcm_enc.c,DES_xcbc_encrypt,DES_ede3_cbcm_encrypt,0.863745125,E,0
ecp_oct.c_ec2_oct.c,ec_GFp_simple_point2oct,ec_GF2m_simple_set_compressed_coordinates,0.863205381,E,0
bn_print.c_bn_print.c,BN_dec2bn,BN_hex2bn,0.863176066,E,0
cbc_enc.c_ede_cbcm_enc.c,DES_cbc_encrypt,DES_ede3_cbcm_encrypt,0.862989433,E,0
ec2_oct.c_ec2_oct.c,ec_GF2m_simple_point2oct,ec_GF2m_simple_oct2point,0.862962286,E,0
a_int.c_a_bitstr.c,d2i_ASN1_UINTEGER,c2i_ASN1_BIT_STRING,0.862646018,E,0
cbc_enc.c_xcbc_enc.c,DES_cbc_encrypt,DES_xcbc_encrypt,0.862156982,E,0
ec2_smpl.c_ecp_oct.c,ec_GF2m_simple_add,ec_GFp_simple_point2oct,0.861515838,E,0
ec2_oct.c_ecp_oct.c,ec_GF2m_simple_point2oct,ec_GFp_simple_oct2point,0.861222704,E,0
ecp_oct.c_ecp_oct.c,ec_GFp_simple_point2oct,ec_GFp_simple_oct2point,0.861140854,E,0
a_int.c_a_bitstr.c,c2i_ASN1_INTEGER,c2i_ASN1_BIT_STRING,0.86060353,E,0
dsa_ameth.c_dsa_ameth.c,dsa_priv_decode,dsa_priv_decode,0.860337664,E,1
ex_data.c_ex_data.c,int_dup_ex_data,int_new_ex_data,0.859565476,E,0
x509_lu.c_x509_lu.c,X509_STORE_get1_crls,X509_STORE_get1_certs,0.859398018,E,0
ecp_oct.c_ec2_oct.c,ec_GFp_simple_point2oct,ec_GF2m_simple_oct2point,0.859273245,E,0
cbc_enc.c_des_enc.c,DES_cbc_encrypt,DES_ede3_cbc_encrypt,0.858814412,E,0
ecp_oct.c_ec2_oct.c,ec_GFp_simple_set_compressed_coordinates,ec_GF2m_simple_point2oct,0.858681723,E,0
ccm128.c_ccm128.c,CRYPTO_ccm128_decrypt_ccm64,CRYPTO_ccm128_encrypt,0.858507359,E,0
d1_both.c_d1_both.c,dtls1_retransmit_message,dtls1_retransmit_message,0.857762994,E,1
cfb64ede.c_cfb64ede.c,DES_ede3_cfb_encrypt,DES_ede3_cfb_encrypt,0.857518287,A,1
p12_npas.c_p12_kiss.c,newpass_p12,parse_pk12,0.857503531,E,0
des_enc.c_des_enc.c,DES_ncbc_encrypt,DES_ede3_cbc_encrypt,0.857424635,E,0
a_bytes.c_a_int.c,d2i_ASN1_bytes,c2i_ASN1_INTEGER,0.85696017,E,0
ec2_oct.c_ecp_smpl.c,ec_GF2m_simple_set_compressed_coordinates,ec_GFp_simple_point_get_affine_coordinates,0.856701233,E,0
ccm128.c_ccm128.c,CRYPTO_ccm128_encrypt_ccm64,CRYPTO_ccm128_encrypt,0.855918009,E,0
dh_ameth.c_dh_ameth.c,dh_pub_decode,dh_priv_decode,0.855179955,E,0
ca.c_ca.c,make_revocation_str,make_revocation_str,0.854263633,D,1
ede_cbcm_enc.c_des_enc.c,DES_ede3_cbcm_encrypt,DES_ede3_cbc_encrypt,0.854074337,E,0
s3_pkt.c_ssl_pkt.c,ssl3_read_bytes,ssl3_read_bytes,0.8536138,D,1
pk7_doit.c_pk7_doit.c,PKCS7_dataDecode,PKCS7_dataInit,0.853531015,E,0
ec2_smpl.c_ecp_oct.c,ec_GF2m_simple_add,ec_GFp_simple_set_compressed_coordinates,0.853114024,E,0
bn_print.c_bn_print.c,BN_bn2dec,BN_bn2dec,0.852799947,B,1
ecp_oct.c_ecp_oct.c,ec_GFp_simple_set_compressed_coordinates,ec_GFp_simple_point2oct,0.85243851,E,0
x509_lu.c_x509_lu.c,X509_STORE_get1_certs,X509_STORE_get1_crls,0.852120917,E,0
pk7_doit.c_pk7_doit.c,PKCS7_dataInit,PKCS7_dataDecode,0.851904299,E,0
ede_cbcm_enc.c_xcbc_enc.c,DES_ede3_cbcm_encrypt,DES_xcbc_encrypt,0.851895233,E,0
enc_read.c_enc_writ.c,DES_enc_read,DES_enc_write,0.851833011,E,0
req.c_req.c,set_keygen_ctx,set_keygen_ctx,0.851564738,E,1
s3_lib.c_s3_lib.c,ssl3_choose_cipher,ssl3_choose_cipher,0.850774559,E,1
ecp_smpl.c_ecp_smpl.c,ec_GFp_simple_point_get_affine_coordinates,ec_GFp_simple_group_set_curve,0.850446407,E,0
by_file.c_by_mem.c,X509_load_cert_crl_file,by_mem_ctrl,0.849038111,E,0
dh_key.c_dh_key.c,generate_key,compute_key,0.848793996,E,0
cfb_enc.c_ofb_enc.c,DES_cfb_encrypt,DES_ofb_encrypt,0.84819335,E,0
gost94_keyx.c_gostr341001_pmeth.c,pkey_GOST94cp_decrypt,pkey_gost01_decrypt,0.846905744,E,0
ssl_lib.c_ssl_lib.c,SSL_CTX_free,SSL_CTX_free,0.846565793,E,1
p12_npas.c_pkcs12.c,newpass_p12,dump_certs_keys_p12,0.845992859,E,0
bn_nist.c_bn_nist.c,BN_nist_mod_256,BN_nist_mod_224,0.845897814,E,0
ocsp.c_ocsp.c,query_responder,query_responder,0.845678712,E,1
ec2_oct.c_ecp_smpl.c,ec_GF2m_simple_oct2point,ec_GFp_simple_point_get_affine_coordinates,0.845259892,E,0
cfb64ede.c_ofb64enc.c,DES_ede3_cfb64_encrypt,DES_ofb64_encrypt,0.845171319,E,0
rsa_eay.c_rsa_eay.c,RSA_eay_public_decrypt,RSA_eay_public_encrypt,0.844086168,E,0
s_client.c_s_client.c,print_stuff,print_stuff,0.84398479,B,1
a_bytes.c_a_int.c,d2i_ASN1_type_bytes,c2i_ASN1_INTEGER,0.842420081,E,0
ex_data.c_ex_data.c,int_dup_ex_data,int_free_ex_data,0.842268731,E,0
bn_gf2m.c_bn_gf2m.c,BN_GF2m_mod_arr,BN_GF2m_mod_arr,0.842035197,A,1
d1_srvr.c_ssl_srvr.c,dtls1_send_newsession_ticket,ssl3_send_newsession_ticket,0.841947063,E,0
bn_exp.c_bn_exp2.c,BN_mod_exp_mont_word,BN_mod_exp2_mont,0.840611153,E,0
ofb64enc.c_cfb64enc.c,DES_ofb64_encrypt,DES_cfb64_encrypt,0.840223023,E,0
ecp_oct.c_ecp_smpl.c,ec_GFp_simple_oct2point,ec_GFp_simple_point_get_affine_coordinates,0.840174362,E,0
ecp_smpl.c_ecp_oct.c,ec_GFp_simple_set_Jprojective_coordinates_GFp,ec_GFp_simple_oct2point,0.839821359,E,0
des_enc.c_ede_cbcm_enc.c,DES_ede3_cbc_encrypt,DES_ede3_cbcm_encrypt,0.839522017,E,0
bn_nist.c_bn_nist.c,BN_nist_mod_192,BN_nist_mod_384,0.839508989,E,0
dsa_ameth.c_dsa_ameth.c,dsa_pub_decode,dsa_priv_decode,0.839237633,E,0
s3_srvr.c_ssl_srvr.c,ssl3_get_client_certificate,ssl3_get_client_certificate,0.839140303,E,1
ec2_oct.c_ec2_smpl.c,ec_GF2m_simple_point2oct,ec_GF2m_simple_add,0.83874138,E,0
xcbc_enc.c_des_enc.c,DES_xcbc_encrypt,DES_ede3_cbc_encrypt,0.838611847,E,0
ec2_smpl.c_ecp_smpl.c,ec_GF2m_simple_add,ec_GFp_simple_add,0.838279438,E,0
d1_pkt.c_d1_pkt.c,dtls1_read_bytes,dtls1_read_bytes,0.837974274,E,1
apps.c_apps.c,load_pubkey,load_pubkey,0.837888355,D,1
bn_nist.c_bn_nist.c,BN_nist_mod_256,BN_nist_mod_192,0.837805894,E,0
ex_data.c_ex_data.c,int_free_ex_data,int_dup_ex_data,0.837443539,E,0
d1_both.c_d1_both.c,dtls1_do_write,dtls1_do_write,0.837221107,E,1
tasn_fre.c_tasn_fre.c,asn1_item_combine_free,asn1_item_combine_free,0.837086583,E,1
cfb64enc.c_ofb64enc.c,DES_cfb64_encrypt,DES_ofb64_encrypt,0.837081573,E,0
dh_ameth.c_dh_ameth.c,dh_priv_decode,dh_pub_decode,0.836859067,E,0
gost2001_keyx.c_gostr341001_pmeth.c,pkey_GOST01cp_decrypt,pkey_gost01_decrypt,0.836516071,E,0
ecp_smpl.c_ec2_oct.c,ec_GFp_simple_set_Jprojective_coordinates_GFp,ec_GF2m_simple_oct2point,0.836183534,E,0
cfb64ede.c_des_enc.c,DES_ede3_cfb64_encrypt,DES_ede3_cbc_encrypt,0.836025522,E,0
bn_exp2.c_bn_exp.c,BN_mod_exp2_mont,BN_mod_exp_mont_word,0.834737003,E,0
a_bytes.c_a_int.c,d2i_ASN1_bytes,d2i_ASN1_UINTEGER,0.833737712,E,0
ssl_lib.c_ssl_lib.c,SSL_CTX_new,SSL_CTX_new,0.833388882,D,1
gost_ameth.c_gostr341001_ameth.c,pub_encode_gost01,pub_encode_gost01,0.833382155,E,1
ec2_smpl.c_ecp_smpl.c,ec_GF2m_simple_add,ec_GFp_simple_point_get_affine_coordinates,0.833189145,E,0
tasn_new.c_tasn_fre.c,ASN1_primitive_new,ASN1_primitive_free,0.833066596,E,0
bn_nist.c_bn_nist.c,BN_nist_mod_384,BN_nist_mod_224,0.832120394,E,0
bn_nist.c_bn_nist.c,BN_nist_mod_192,BN_nist_mod_256,0.831192024,E,0
ecp_smpl.c_ec2_smpl.c,ec_GFp_simple_group_set_curve,ec_GF2m_simple_add,0.830856788,E,0
ofb64ede.c_cfb64ede.c,DES_ede3_ofb64_encrypt,DES_ede3_cfb64_encrypt,0.8307913,E,0
d1_both.c_d1_both.c,dtls1_process_out_of_seq_message,dtls1_reassemble_fragment,0.830218748,E,0
ecp_smpl.c_ec2_smpl.c,ec_GFp_simple_point_get_affine_coordinates,ec_GF2m_simple_add,0.829603153,E,0
ecp_oct.c_ec2_smpl.c,ec_GFp_simple_point2oct,ec_GF2m_simple_add,0.827807402,E,0
dh_key.c_dh_key.c,compute_key,generate_key,0.827747302,E,0
ec2_smpl.c_ecp_smpl.c,ec_GF2m_simple_add,ec_GFp_simple_cmp,0.827703472,E,0
cfb64enc.c_ofb64ede.c,DES_cfb64_encrypt,DES_ede3_ofb64_encrypt,0.827352826,E,0
p12_kiss.c_p12_npas.c,parse_pk12,newpass_p12,0.826893603,E,0
bio_b64.c_bio_b64.c,b64_ctrl,b64_write,0.826743547,E,0
ec2_oct.c_ecp_smpl.c,ec_GF2m_simple_oct2point,ec_GFp_simple_cmp,0.826644442,E,0
gcm128.c_gcm128.c,CRYPTO_gcm128_setiv,CRYPTO_gcm128_encrypt_ctr32,0.826458685,E,0
bio_b64.c_bio_b64.c,b64_write,b64_read,0.826216419,E,0
bn_nist.c_bn_nist.c,BN_nist_mod_384,BN_nist_mod_192,0.825641591,E,0
ecp_smpl.c_ec2_oct.c,ec_GFp_simple_point_get_affine_coordinates,ec_GF2m_simple_oct2point,0.825437037,E,0
des_enc.c_cfb64ede.c,DES_ede3_cbc_encrypt,DES_ede3_cfb64_encrypt,0.825298677,E,0
gcm128.c_gcm128.c,CRYPTO_gcm128_setiv,CRYPTO_gcm128_decrypt_ctr32,0.824880493,E,0
a_bytes.c_a_int.c,d2i_ASN1_type_bytes,d2i_ASN1_UINTEGER,0.824815034,E,0
ecp_smpl.c_ecp_oct.c,ec_GFp_simple_set_Jprojective_coordinates_GFp,ec_GFp_simple_point2oct,0.82462747,E,0
d1_clnt.c_ssl_clnt.c,dtls1_connect,ssl3_connect,0.824561076,E,0
ofb64enc.c_cfb64ede.c,DES_ofb64_encrypt,DES_ede3_cfb64_encrypt,0.823607639,E,0
d1_both.c_d1_both.c,dtls1_reassemble_fragment,dtls1_process_out_of_seq_message,0.823410687,E,0
des_enc.c_xcbc_enc.c,DES_ede3_cbc_encrypt,DES_xcbc_encrypt,0.823058389,E,0
tasn_enc.c_tasn_fre.c,ASN1_item_ex_i2d,asn1_item_combine_free,0.822587965,E,0
rsa_eay.c_rsa_eay.c,RSA_eay_public_encrypt,RSA_eay_public_decrypt,0.82224862,E,0
ecp_smpl.c_ec2_oct.c,ec_GFp_simple_set_Jprojective_coordinates_GFp,ec_GF2m_simple_point2oct,0.822189152,E,0
ec2_oct.c_ecp_smpl.c,ec_GF2m_simple_set_compressed_coordinates,ec_GFp_simple_cmp,0.82209446,E,0
ts_conf.c_ts_conf.c,TS_CONF_set_digests,TS_CONF_set_policies,0.821764603,E,0
ecp_smpl.c_ecp_oct.c,ec_GFp_simple_point_get_affine_coordinates,ec_GFp_simple_oct2point,0.820371429,E,0
crl2p7.c_ocspcheck.c,add_certs_from_file,read_fullchain,0.819647699,E,0
ex_data.c_ex_data.c,int_new_ex_data,int_free_ex_data,0.819589599,E,0
ecp_oct.c_ecp_smpl.c,ec_GFp_simple_oct2point,ec_GFp_simple_cmp,0.819481121,E,0
tasn_enc.c_tasn_new.c,ASN1_item_ex_i2d,asn1_item_ex_combine_new,0.818613768,E,0
gost94_keyx.c_gostr341001_pmeth.c,pkey_GOST94cp_encrypt,pkey_gost01_encrypt,0.817493756,E,0
ca.c_ca.c,do_updatedb,get_certificate_status,0.817056614,E,0
s2_clnt.c_ssl_clnt.c,ssl2_set_certificate,ssl3_get_server_certificate,0.817042931,E,0
pkcs12.c_p12_npas.c,dump_certs_keys_p12,newpass_p12,0.81692245,E,0
ec2_smpl.c_ecp_smpl.c,ec_GF2m_simple_add,ec_GFp_simple_set_Jprojective_coordinates_GFp,0.816323946,E,0
ec2_oct.c_ecp_smpl.c,ec_GF2m_simple_set_compressed_coordinates,ec_GFp_simple_is_on_curve,0.816215357,E,0
ecp_oct.c_ecp_smpl.c,ec_GFp_simple_set_compressed_coordinates,ec_GFp_simple_is_on_curve,0.81600884,E,0
bn_gcd.c_bn_sqrt.c,BN_mod_inverse,BN_mod_sqrt,0.815881179,E,0
gost2001_keyx.c_gostr341001_pmeth.c,pkey_GOST01cp_encrypt,pkey_gost01_encrypt,0.815255611,E,0
ofb64ede.c_cfb64enc.c,DES_ede3_ofb64_encrypt,DES_cfb64_encrypt,0.81519353,E,0
ecp_oct.c_ecp_smpl.c,ec_GFp_simple_point2oct,ec_GFp_simple_group_set_curve,0.81516224,E,0
ec2_oct.c_ecp_smpl.c,ec_GF2m_simple_point2oct,ec_GFp_simple_group_set_curve,0.814684485,E,0
tasn_fre.c_tasn_new.c,ASN1_primitive_free,ASN1_primitive_new,0.814621501,E,0
eng_table.c_eng_table.c,engine_table_register,engine_table_select,0.814615972,E,0
eng_table.c_eng_table.c,engine_table_select,engine_table_register,0.814259112,E,0
tasn_dec.c_tasn_dec.c,asn1_template_noexp_d2i,asn1_template_ex_d2i,0.813943051,E,0
ca.c_ca.c,get_certificate_status,do_updatedb,0.813374311,E,0
gcm128.c_gcm128.c,CRYPTO_gcm128_encrypt_ctr32,CRYPTO_gcm128_setiv,0.812761429,E,0
ede_cbcm_enc.c_cfb64enc.c,DES_ede3_cbcm_encrypt,DES_cfb64_encrypt,0.812700096,E,0
cfb64enc.c_ede_cbcm_enc.c,DES_cfb64_encrypt,DES_ede3_cbcm_encrypt,0.812535708,E,0
ec2_oct.c_ecp_oct.c,ec_GF2m_simple_point2oct,ec_GFp_simple_set_compressed_coordinates,0.812168355,E,0
xcbc_enc.c_cfb64enc.c,DES_xcbc_encrypt,DES_cfb64_encrypt,0.811400688,E,0
cfb64enc.c_xcbc_enc.c,DES_cfb64_encrypt,DES_xcbc_encrypt,0.811359689,E,0
ecp_smpl.c_ec2_oct.c,ec_GFp_simple_point_get_affine_coordinates,ec_GF2m_simple_point2oct,0.811115006,E,0
gcm128.c_gcm128.c,CRYPTO_gcm128_decrypt_ctr32,CRYPTO_gcm128_setiv,0.810985231,E,0
ec2_oct.c_ec2_smpl.c,ec_GF2m_simple_set_compressed_coordinates,ec_GF2m_simple_is_on_curve,0.810963753,E,0
s3_both.c_ssl_both.c,ssl3_get_message,ssl3_get_message,0.810911508,E,1
cfb64enc.c_des_enc.c,DES_cfb64_encrypt,DES_ncbc_encrypt,0.81018283,E,0
f_int.c_f_int.c,a2i_ASN1_INTEGER,a2i_ASN1_INTEGER,0.809952532,B,1
tasn_enc.c_tasn_fre.c,asn1_ex_i2c,ASN1_primitive_free,0.809750788,E,0
gost_ameth.c_gostr341001_ameth.c,pub_encode_gost94,pub_encode_gost01,0.808796496,E,1
ecp_oct.c_ecp_smpl.c,ec_GFp_simple_point2oct,ec_GFp_simple_set_Jprojective_coordinates_GFp,0.808668592,E,0
ex_data.c_ex_data.c,int_free_ex_data,int_new_ex_data,0.807917744,E,0
ecp_smpl.c_ec2_smpl.c,ec_GFp_simple_add,ec_GF2m_simple_add,0.807738282,E,0
apps.c_apps.c,load_serial,save_serial,0.807468908,E,0
s3_srvr.c_ssl_srvr.c,ssl3_send_newsession_ticket,ssl3_send_newsession_ticket,0.807278814,E,1
ec2_oct.c_ecp_smpl.c,ec_GF2m_simple_point2oct,ec_GFp_simple_set_Jprojective_coordinates_GFp,0.807128383,E,0
bn_nist.c_bn_nist.c,BN_nist_mod_521,BN_nist_mod_192,0.806981925,E,0
ec2_oct.c_ecp_smpl.c,ec_GF2m_simple_oct2point,ec_GFp_simple_is_on_curve,0.806777984,E,0
tasn_dec.c_tasn_dec.c,asn1_d2i_ex_primitive,asn1_template_ex_d2i,0.806681962,E,0
gost2001.c_gostr341001.c,gost2001_do_verify,gost2001_do_verify,0.806477543,E,1
ecp_smpl.c_ec2_oct.c,ec_GFp_simple_cmp,ec_GF2m_simple_set_compressed_coordinates,0.806379787,E,0
rsa_pss.c_rsa_oaep.c,RSA_padding_add_PKCS1_PSS_mgf1,RSA_padding_add_PKCS1_OAEP_mgf1,0.806342791,E,0
f_string.c_f_int.c,a2i_ASN1_STRING,a2i_ASN1_INTEGER,0.806291915,E,0
ecp_oct.c_ecp_oct.c,ec_GFp_simple_point2oct,ec_GFp_simple_set_compressed_coordinates,0.806016015,E,0
tasn_dec.c_tasn_dec.c,asn1_template_ex_d2i,asn1_template_noexp_d2i,0.805898433,E,0
pvkfmt.c_pvkfmt.c,i2b_PVK,do_PVK_body,0.805880947,E,0
f_enum.c_f_int.c,a2i_ASN1_ENUMERATED,a2i_ASN1_INTEGER,0.805725214,D,1
tasn_new.c_tasn_dec.c,ASN1_primitive_new,asn1_ex_c2i,0.805596248,E,0
ec2_smpl.c_ecp_smpl.c,ec_GF2m_simple_add,ec_GFp_simple_group_set_curve,0.805171875,E,0
bn_nist.c_bn_nist.c,BN_nist_mod_192,BN_nist_mod_521,0.805101114,E,0
ofb_enc.c_cfb64enc.c,DES_ofb_encrypt,DES_cfb64_encrypt,0.804149431,E,0
x509_vfy.c_x509_vfy.c,get_crl_score,crl_akid_check,0.804048438,E,0
ecp_smpl.c_ecp_oct.c,ec_GFp_simple_point_get_affine_coordinates,ec_GFp_simple_point2oct,0.80404842,E,0
pem_pkey.c_pem_pk8.c,PEM_read_bio_PrivateKey,d2i_PKCS8PrivateKey_bio,0.803666585,E,0
s3_clnt.c_ssl_clnt.c,ssl3_connect,ssl3_connect,0.803525121,E,1
ecp_oct.c_ecp_smpl.c,ec_GFp_simple_set_compressed_coordinates,ec_GFp_simple_dbl,0.802105226,E,0
rsa_pss.c_rsa_oaep.c,RSA_verify_PKCS1_PSS_mgf1,RSA_padding_add_PKCS1_OAEP_mgf1,0.801445484,E,0
ofb_enc.c_ofb64enc.c,DES_ofb_encrypt,DES_ofb64_encrypt,0.801431907,E,0
s3_srvr.c_ssl_srvr.c,ssl3_send_certificate_request,ssl3_send_certificate_request,0.801055398,E,1
ecp_smpl.c_ec2_smpl.c,ec_GFp_simple_set_Jprojective_coordinates_GFp,ec_GF2m_simple_add,0.801020225,E,0
rsa_pmeth.c_rsa_pmeth.c,pkey_rsa_verify,pkey_rsa_sign,0.80082164,E,0
ecp_oct.c_ecp_smpl.c,ec_GFp_simple_set_compressed_coordinates,ec_GFp_simple_cmp,0.800784985,E,0
ecp_smpl.c_ec2_oct.c,ec_GFp_simple_is_on_curve,ec_GF2m_simple_set_compressed_coordinates,0.800766017,E,0
ecp_oct.c_ecp_smpl.c,ec_GFp_simple_oct2point,ec_GFp_simple_is_on_curve,0.800687818,E,0
cfb64ede.c_des_enc.c,DES_ede3_cfb_encrypt,DES_ede3_cbc_encrypt,0.80053763,E,0
